# line,type,amount,ministry,source
1,Έσοδα,47228000000,-,11 Φόροι
2,Έσοδα,26400000000,-,111 Φόροι επί αγαθών και υπηρεσιών
3,Έσοδα,10553000000,-,11101 Φόροι προστιθέμενης αξίας που εισπράττονται μέσω Δ.Ο.Υ
4,Έσοδα,25000000,-,1110102 ΦΠΑ στις νέες οικοδομές
5,Έσοδα,10528000000,-,1110189 ΦΠΑ λοιπών περιπτώσεων που εισπράττεται μέσω Δ.Ο.Υ.
6,Έσοδα,5603000000,-,11102 Φόροι προστιθέμενης αξίας που εισπράττονται από τελωνεία
7,Έσοδα,2041000000,-,1110201 ΦΠΑ στα πετρελαιοειδή και στα παράγωγα αυτών
8,Έσοδα,328000000,-,1110202 ΦΠΑ στα οχήματα
9,Έσοδα,270000000,-,1110203 ΦΠΑ στην αιθυλική αλκοόλη
10,Έσοδα,23000000,-,1110204 ΦΠΑ στην ηλεκτρική ενέργεια και το φυσικό αέριο
11,Έσοδα,658000000,-,1110205 ΦΠΑ καπνικών προϊόντων
12,Έσοδα,2283000000,-,1110289 ΦΠΑ λοιπών περιπτώσεων που εισπράττεται μέσω τελωνείων
13,Έσοδα,7206000000,-,11103 Ειδικοί φόροι κατανάλωσης
14,Έσοδα,110000000,-,1110301 ΕΦΚ υγραερίων
15,Έσοδα,2163000000,-,1110302 ΕΦΚ βενζινών
16,Έσοδα,1541000000,-,1110303 ΕΦΚ diesel κίνησης
17,Έσοδα,296000000,-,1110304 ΕΦΚ diesel θέρμανσης
18,Έσοδα,172000000,-,1110305 ΕΦΚ στην ηλεκτρική ενέργεια
19,Έσοδα,35000000,-,1110306 ΕΦΚ στο φυσικό αέριο
20,Έσοδα,41000000,-,1110309 ΕΦΚ λοιπών ενεργειακών προϊόντων
21,Έσοδα,2183000000,-,1110310 ΕΦΚ στα προϊόντα καπνού
22,Έσοδα,299000000,-,1110311 ΕΦΚ αιθυλικής αλκοόλης και αλκοολούχων προϊόντων
23,Έσοδα,200000000,-,1110312 ΕΦΚ στη μπύρα
24,Έσοδα,148000000,-,1110314 Φόρος κατανάλωσης στον καφέ
25,Έσοδα,4000000,-,1110315 Φόρος κατανάλωσης στο ηλεκτρονικό τσιγάρο
26,Έσοδα,9000000,-,1110317 Εφάπαξ εισφορά στα φορτηγά Ι.Χ. που μπαίνουν σε
27,Έσοδα,5000000,-,1110318 Ειδικός φόρος πολυτελείας εμπορευμάτων
28,Έσοδα,322000000,-,11104 Φόροι με μορφή χαρτοσήμου
29,Έσοδα,138000000,-,1110401 Τέλη χαρτοσήμου σε μισθώματα από ακίνητα
30,Έσοδα,1000000,-,1110402 Τέλη χαρτοσήμου σε ασφαλιστικές επιχειρήσεις
31,Έσοδα,53000000,-,1110403 Πρόσθετο ποσοστό 20% στα τέλη χαρτοσήμου
32,Έσοδα,130000000,-,1110489 Λοιπά τέλη χαρτοσήμου
33,Έσοδα,468000000,-,11105 Φόροι επί χρηματοοικονομικών και κεφαλαιακών συναλλαγών
34,Έσοδα,64000000,-,1110501 Φόρος στη μεταβίβαση οικοπέδων και αγροκτημάτων
35,Έσοδα,281000000,-,1110502 Φόρος στη μεταβίβαση οικοδομών
36,Έσοδα,27000000,-,1110503 Φόρος στη συγκέντρωση κεφαλαίων
37,Έσοδα,8000000,-,1110504 Δικαιώματα-Τέλη άμισθων υποθηκοφυλακείων
38,Έσοδα,8000000,-,1110505 Δικαιώματα-Τέλη έμμισθων υποθηκοφυλακείων
39,Έσοδα,41000000,-,1110507 Φόρος επί των χρηματιστηριακών συναλλαγών
40,Έσοδα,39000000,-,1110589 Λοιποί Φόροι  επί χρηματοοικονομικών και κεφαλαιακών
41,Έσοδα,288000000,-,11106 Φόροι ταξινόμησης οχημάτων
42,Έσοδα,249000000,-,1110601 Τέλος ταξινόμησης στα επιβατικά αυτοκίνητα
43,Έσοδα,31000000,-,1110602 Τέλος ταξινόμησης στα φορτηγά αυτοκίνητα
44,Έσοδα,8000000,-,1110609 Τέλος ταξινόμησης λοιπών οχημάτων
45,Έσοδα,1887000000,-,11108 Λοιποί φόροι επί συγκεκριμένων υπηρεσιών
46,Έσοδα,4000000,-,1110801 Φόροι στα κρατικά λαχεία
47,Έσοδα,54000000,-,1110802 Φόροι στα μικτά κέρδη των καζίνο
48,Έσοδα,801000000,-,1110803 Φόροι στα μικτά κέρδη τυχερών παιγνίων
49,Έσοδα,2000000,-,1110804 Φόροι στα εισιτήρια των καζίνο
50,Έσοδα,33000000,-,1110810 Τέλη Eurocontrol
51,Έσοδα,48000000,-,1110811 Τέλη εκσυγχρονισμού και ανάπτυξης αερολιμένων
52,Έσοδα,1000000,-,1110813 Τέλος ΑμεΑ στα αεροπορικά εισιτήρια
53,Έσοδα,12000000,-,1110815 Τέλος πλοίων αναψυχής και ημερόπλοιων
54,Έσοδα,448000000,-,1110820 Φόρος ασφαλίστρων
55,Έσοδα,22000000,-,1110821 Ειδικός φόρος στις διαφημίσεις που προβάλλονται από την
56,Έσοδα,76000000,-,1110822 Τέλη συνδρομητών σταθερής τηλεφωνίας
57,Έσοδα,218000000,-,1110823 Τέλη συνδρομητών κινητής τηλεφωνίας
58,Έσοδα,26000000,-,1110824 Τέλος στη συνδρομητική Τηλεόραση
59,Έσοδα,141000000,-,1110825 Φόρος στη Διαμονή
60,Έσοδα,1000000,-,1110889 Λοιποί ειδικοί φόροι σε υπηρεσίες
61,Έσοδα,73000000,-,11109 Λοιποί Φόροι επί αγαθών
62,Έσοδα,3000000,-,1110901 Εισφορά στο λάδι και στις ελιές για κάλυψη εξόδων
63,Έσοδα,55000000,-,1110902 Ειδικοί Φόροι στη διακίνηση καυσίμων
64,Έσοδα,15000000,-,1110903 Περιβαλλοντικό τέλος πλαστικής σακούλας
65,Έσοδα,322000000,-,112 Φόροι και δασμοί επί εισαγωγών
66,Έσοδα,322000000,-,11201 Δασμοί
67,Έσοδα,315000000,-,1120101 Δασμοί κοινού δασμολογίου
68,Έσοδα,7000000,-,1120102 Δασμοί αντιντάμπιγκ και αντισταθμιστικοί δασμοί
69,Έσοδα,2757000000,-,113 Τακτικοί φόροι ακίνητης περιουσίας
70,Έσοδα,2757000000,-,11301 Τακτικοί φόροι επί της ιδιοκτησίας ακίνητης περιουσίας
71,Έσοδα,19000000,-,1130101 Φόρος στην ακίνητη περιουσία (ΦΑΠ)
72,Έσοδα,1000000,-,1130102 Ενιαίο τέλος ακινήτων
73,Έσοδα,31000000,-,1130103 Έκτακτο Ειδικό Τέλος Ηλεκτροδοτούμενων Δομημένων
74,Έσοδα,2705000000,-,1130104 Ενιαίος Φόρος Ιδιοκτησίας Ακινήτων (ΕΝΦΙΑ)
75,Έσοδα,1000000,-,1130189 Λοιποί φόροι στην ακίνητη περιουσία
76,Έσοδα,1123000000,-,114 Λοιποί φόροι επί παραγωγής
77,Έσοδα,591000000,-,11401 Επιχειρηματικές και επαγγελματικές άδειες
78,Έσοδα,482000000,-,1140101 Τέλος επιτηδεύματος
79,Έσοδα,75000000,-,1140102 Άδειες παροχής υπηρεσιών τυχερών παιγνίων
80,Έσοδα,17000000,-,1140103 Ειδικά τέλη διενέργειας τεχνικού ελέγχου οχημάτων
81,Έσοδα,3000000,-,1140104 Έσοδα από εκδόσεις πολεοδομικών αδειών
82,Έσοδα,3000000,-,1140105 Ειδικό τέλος για άδειες λειτουργίας καζίνο
83,Έσοδα,3000000,-,1140106 Τέλη χορήγησης αδειών από τις λιμενικές αρχές
84,Έσοδα,8000000,-,1140189 Λοιπές Επιχειρηματικές και επαγγελματικές άδειες
85,Έσοδα,532000000,-,11409 Διάφοροι άλλοι φόροι επί  παραγωγής
86,Έσοδα,12000000,-,1140902 Έσοδα Ελληνικού Οργανισμού Φαρμάκων (Ε.Ο.Φ.)
87,Έσοδα,4000000,-,1140903 Τέλη υπέρ ΕΟΦ ετοιμότητας των ιατροτεχνολογικών
88,Έσοδα,1000000,-,1140904 Τέλη Διεύθυνσης Μητρώων και Τεχνικών Επαγγελμάτων του
89,Έσοδα,1000000,-,1140907 Κράτηση στις δαπάνες έργων  των Ο.Τ.Α. για την Τ.Υ.Δ.Κ.
90,Έσοδα,26000000,-,1140908 Κράτηση στις συμβάσεις της Επιτροπής Προμηθειών Υγείας
91,Έσοδα,25000000,-,1140910 Άδειες ραδιοφωνικών και τηλεοπτικών Σταθμών
92,Έσοδα,428000000,-,1140911 Συμμετοχή του Δημοσίου στα κέρδη της Τράπεζας της
93,Έσοδα,30000000,-,1140912 Αμοιβή χορήγησης δικαιωμάτων και προνομίων στο Διεθνή
94,Έσοδα,5000000,-,1140989 Λοιπoί φόροι επί της παραγωγής
95,Έσοδα,15018000000,-,115 Φόρος εισοδήματος
96,Έσοδα,10650000000,-,11501 Φόρος εισοδήματος πληρωτέος από Φυσικά Πρόσωπα (ΦΠ)
97,Έσοδα,1981000000,-,1150101 Φόρος στο εισόδημα ΦΠ - εκκαθάριση δηλώσεων
98,Έσοδα,486000000,-,1150102 Φόρος στο εισόδημα ΦΠ - προκαταβολή
99,Έσοδα,4239000000,-,1150103 Φόρος στο εισόδημα από μισθούς - παρακράτηση
100,Έσοδα,1726000000,-,1150104 Φόρος στο εισόδημα από συντάξεις - παρακράτηση
101,Έσοδα,786000000,-,1150105 Φόρος στο εισόδημα ΦΠ (πλην μισθών και συντάξεων) -
102,Έσοδα,267000000,-,1150106 Ειδική εισφορά αλληλεγγύης για την καταπολέμηση της
103,Έσοδα,1163000000,-,1150107 Ειδική εισφορά αλληλεγγύης στα ΦΠ
104,Έσοδα,1000000,-,1150108 Φόρος στο εισόδημα από μερίσματα και κέρδη αλλοδαπών
105,Έσοδα,1000000,-,1150189 Λοιποί φόροι στο εισόδημα ΦΠ
106,Έσοδα,3178000000,-,11502 Φόρος εισοδήματος πληρωτέος από εταιρίες (ΝΠ)
107,Έσοδα,528000000,-,1150201 Φόρος στο εισόδημα ΝΠ κερδοσκοπικού χαρακτήρα -
108,Έσοδα,2026000000,-,1150202 Φόρος στο εισόδημα ΝΠ κερδοσκοπικού χαρακτήρα -
109,Έσοδα,175000000,-,1150203 Φόρος στο εισόδημα κοινοπραξιών και λοιπών νομικών
110,Έσοδα,329000000,-,1150204 Φόρος στο εισόδημα κοινοπραξιών και λοιπών νομικών
111,Έσοδα,110000000,-,1150205 Φόρος επί των διανεμόμενων κερδών των ημεδαπών εταιριών
112,Έσοδα,1000000,-,1150206 Εφάπαξ φόροι εισοδήματος ΝΠ
113,Έσοδα,9000000,-,1150289 Λοιποί φόροι στο εισόδημα εταιριών
114,Έσοδα,28000000,-,11503 Φόροι επί κερδών διακράτησης
115,Έσοδα,28000000,-,1150302 Φόρος μεταβίβασης επιχειρήσεων και χρηματοοικονομικών
116,Έσοδα,155000000,-,11504 Φόροι επί κερδών από λαχεία και τυχερά παίγνια
117,Έσοδα,155000000,-,1150489 Λοιποί φόροι επί κερδών από λαχεία και τυχερά παίγνια
118,Έσοδα,52000000,-,11505 Φόρος εισοδήματος κατοίκων αλλοδαπής
119,Έσοδα,51000000,-,1150501 Φόρος εισοδήματος αλλοδαπής για πνευματικά και άλλα
120,Έσοδα,1000000,-,1150502 Φόρος εισοδήματος αλλοδαπής από τόκους
121,Έσοδα,955000000,-,11506 Φόρος εισοδήματος ειδικών κατηγοριών
122,Έσοδα,154000000,-,1150601 Φόρος πλοίων
123,Έσοδα,358000000,-,"1150602 Φόρος επί των τόκων των καταθέσεων, συμφωνιών"
124,Έσοδα,1000000,-,1150603 Φόρος επί των τόκων από αποταμιεύσεις κατοίκων Ελλάδος
125,Έσοδα,15000000,-,1150604 Φόρος στο εισόδημα νομικών προσώπων μη κερδοσκοπικού
126,Έσοδα,106000000,-,1150605 Φόρος στο εισόδημα νομικών προσώπων μη κερδοσκοπικού
127,Έσοδα,321000000,-,1150689 Λοιποί φόροι εισοδήματος ειδικών κατηγοριών
128,Έσοδα,265000000,-,116 Φόροι κεφαλαίου
129,Έσοδα,265000000,-,"11601 Φόροι κληρονομιών, γονικών παροχών και δωρεών"
130,Έσοδα,200000000,-,1160101 Φόροι και τέλη κληρονομιών
131,Έσοδα,65000000,-,"1160102 Φόροι και τέλη δωρεών, γονικών και λοιπών παροχών"
132,Έσοδα,1343000000,-,119 Λοιποί τρέχοντες φόροι
133,Έσοδα,1219000000,-,11901 Φόροι οχημάτων
134,Έσοδα,1214000000,-,1190101 Τέλη κυκλοφορίας
135,Έσοδα,5000000,-,1190189 Λοιπά τέλη και εισφορές στα οχήματα
136,Έσοδα,54000000,-,11902 Τρέχοντες φόροι επί κινητής περιουσίας
137,Έσοδα,54000000,-,1190201 Φόρος πολυτελούς διαβίωσης
138,Έσοδα,53000000,-,11903 Γενικές και ειδικές άδειες νοικοκυριών
139,Έσοδα,53000000,-,1190301 Έσοδα από ιατρικές εξετάσεις οδηγών
140,Έσοδα,17000000,-,11909 Διάφοροι άλλοι τρέχοντες φόροι
141,Έσοδα,17000000,-,1190901 Λοιπά μη ταξινομημένα φορολογικά έσοδα
142,Έσοδα,55000000,-,12 Κοινωνικές εισφορές
143,Έσοδα,55000000,-,122 Λοιπές κοινωνικές εισφορές
144,Έσοδα,55000000,-,12201 Εισφορές εργαζομένων
145,Έσοδα,3000000,-,1220101 Εισφορές εργαζομένων για συνταξιοδότηση από το Δημόσιο
146,Έσοδα,52000000,-,1220102 Εισφορές εργαζομένων για παροχές υγείας από το Δημόσιο
147,Έσοδα,3880000000,-,13 Μεταβιβάσεις
148,Έσοδα,44000000,-,131 Τρέχουσες εγχώριες μεταβιβάσεις
149,Έσοδα,43000000,-,13108 Μεταβιβάσεις από λοιπά νομικά πρόσωπα
150,Έσοδα,25000000,-,1310801 Μέρισμα ΕΕΤΤ
151,Έσοδα,18000000,-,1310889 Λοιπές μεταβιβάσεις από νομικά πρόσωπα
152,Έσοδα,1000000,-,13109 Λοιπές Μεταβιβάσεις
153,Έσοδα,1000000,-,1310902 Ποσά που βεβαιώνονται σε βάρος υπολόγων για ελλείμματα
154,Έσοδα,269000000,-,132 Τρέχουσες μεταβιβάσεις από οργανισμούς και κράτη-μέλη της
155,Έσοδα,15000000,-,13201 Τρέχουσες μεταβιβάσεις από τα Κοινοτικά Ταμεία
156,Έσοδα,15000000,-,1320189 Λοιπές τρέχουσες μεταβιβάσεις από τα κοινοτικά ταμεία
157,Έσοδα,254000000,-,13202 Τρέχουσες μεταβιβάσεις από τα Κράτη Μέλη της  Ε.Ε.
158,Έσοδα,235000000,-,1320201 Επιστροφή ποσών από Κεντρικές Τράπεζες της Ευρωζώνης
159,Έσοδα,16000000,-,1320202 Επιστροφή ποσών από Κεντρικές Τράπεζες της Ευρωζώνης
160,Έσοδα,3000000,-,1320289 Λοιπές τρέχουσες μεταβιβάσεις από τα κράτη-μέλη της Ε.Ε.
161,Έσοδα,30000000,-,134 Επιχορηγήσεις επενδύσεων εσωτερικού
162,Έσοδα,30000000,-,13409 Λοιπές Επιχορηγήσεις επενδύσεων
163,Έσοδα,30000000,-,1340901 Έσοδα από συνεισφορές για εκτέλεση έργων επενδύσεων
164,Έσοδα,3479000000,-,135 Επιχορηγήσεις επενδύσεων από την Ε.Ε.
165,Έσοδα,3479000000,-,13501 Επιχορηγήσεις επενδύσεων από κοινοτικά ταμεία
166,Έσοδα,1265000000,-,1350101 Απολήψεις από το Ταμείο Περιφερειακής Ανάπτυξης
167,Έσοδα,470000000,-,1350103 Απολήψεις από το Ευρωπαϊκό Γεωργικό Ταμείο Αγροτικής
168,Έσοδα,702000000,-,1350104 Απολήψεις από το Ταμείο Συνοχής
169,Έσοδα,863000000,-,1350106 Απολήψεις από το Ευρωπαϊκό Κοινωνικό Ταμείο
170,Έσοδα,91000000,-,1350107 Απολήψεις από το Ευρωπαϊκό Ταμείο Θαλάσσιας Αλιείας
171,Έσοδα,38000000,-,"1350108 Απολήψεις από τα Ταμεία Ασύλου, Μετανάστευσης και"
172,Έσοδα,50000000,-,1350189 Λοιπές Απολήψεις για τη μελέτη ή εκτέλεση διαφόρων
173,Έσοδα,58000000,-,139 Λοιπές κεφαλαιακές μεταβιβάσεις
174,Έσοδα,41000000,-,13901 Έσοδα από επιστροφές καταπτώσεων εγγυήσεων
175,Έσοδα,35000000,-,1390101 Έσοδα από επιστροφές καταπτώσεων εγγυήσεων
176,Έσοδα,6000000,-,1390189 Λοιπά έσοδα από καταπτώσεις εγγυήσεων
177,Έσοδα,11000000,-,13904 Έσοδα από δωρεές
178,Έσοδα,11000000,-,1390489 Έσοδα από κάθε χαριστική πράξη υπέρ του Δημοσίου
179,Έσοδα,6000000,-,13909 Έσοδα από λοιπές κεφαλαιακές μεταβιβάσεις
180,Έσοδα,6000000,-,1390902 Έσοδα από την περιέλευση αδρανών καταθέσεων στο
181,Έσοδα,692000000,-,14 Πωλήσεις αγαθών και υπηρεσιών
182,Έσοδα,1000000,-,141 Πωλήσεις αγαθών
183,Έσοδα,1000000,-,14101 Πωλήσεις αγαθών
184,Έσοδα,1000000,-,1410189 Λοιπές Πωλήσεις Αγαθών
185,Έσοδα,243000000,-,142 Παροχή υπηρεσιών
186,Έσοδα,1000000,-,14202 Παροχή υπηρεσιών εκπαίδευσης
187,Έσοδα,1000000,-,1420201 Έσοδα ΥΠΑ από παροχή υπηρεσιών εκπαίδευσης
188,Έσοδα,41000000,-,14203 Παροχή δικαστικών υπηρεσιών
189,Έσοδα,7000000,-,1420301 Δικαστικά έξοδα επιβαλλόμενα από τα ποινικά δικαστήρια
190,Έσοδα,33000000,-,1420302 Αντίτιμο δικαστικού ενσήμου σε αγωγές και προσωρινά μέτρα
191,Έσοδα,1000000,-,1420389 Λοιπά έσοδα από παροχή δικαστικών υπηρεσιών
192,Έσοδα,119000000,-,14204 Παροχή υπηρεσιών ελέγχου
193,Έσοδα,113000000,-,1420401 Έσοδα από την παροχή τελωνειακών υπηρεσιών
194,Έσοδα,3000000,-,1420402 Έσοδα από τη διενέργεια γεωτεχνικών ελέγχων
195,Έσοδα,1000000,-,1420403 Έσοδα από τη διενέργεια χημικών ελέγχων
196,Έσοδα,2000000,-,1420489 Λοιπά έσοδα από υπηρεσίες ελέγχου
197,Έσοδα,51000000,-,14206 Παροχή υπηρεσιών από τα προξενεία
198,Έσοδα,50000000,-,1420601 Τέλη και λοιπά έσοδα έμμισθων προξενείων
199,Έσοδα,1000000,-,1420603 Προξενικά ναυτιλιακά τέλη
200,Έσοδα,31000000,-,14209 Λοιπές παρεχόμενες υπηρεσίες
201,Έσοδα,5000000,-,1420901 Έσοδα ΥΠΑ από τέλη χρήσης αερολιμένων
202,Έσοδα,26000000,-,1420989 Έσοδα από προσφορά λοιπών υπηρεσιών
203,Έσοδα,79000000,-,143 Μισθώματα
204,Έσοδα,77000000,-,14301 Μισθώματα κτιρίων και υποδομών
205,Έσοδα,7000000,-,1430101 Έσοδα ΥΠΑ από Μισθώματα
206,Έσοδα,70000000,-,1430189 Λοιπά μισθώματα κτιρίων και υποδομών
207,Έσοδα,2000000,-,14309 Λοιπά μισθώματα
208,Έσοδα,2000000,-,1430989 Έσοδα από λοιπά μισθώματα
209,Έσοδα,190000000,-,144 Προμήθειες
210,Έσοδα,80000000,-,14401 Προμήθειες σε εισπράξεις-πληρωμές υπέρ τρίτων
211,Έσοδα,64000000,-,1440101 Προμήθειες είσπραξης ιδίων πόρων για λογαριασμό της Ε.Ε.
212,Έσοδα,16000000,-,1440103 Προμήθειες για βεβαίωση και είσπραξη εσόδων τρίτων
213,Έσοδα,78000000,-,14402 Προμήθειες για παροχή εγγυήσεων (πλην τραπεζών)
214,Έσοδα,63000000,-,1440201 Προμήθειες λόγω παροχής της εγγύησης του Ελληνικού
215,Έσοδα,15000000,-,1440202 Προμήθειες λόγω παροχής της Εγγύησης του Ελληνικού
216,Έσοδα,32000000,-,14403 Προμήθειες από σχήματα στήριξης τραπεζών
217,Έσοδα,4000000,-,1440301 Προμήθειες από παροχή εγγυήσεων για την στήριξη
218,Έσοδα,28000000,-,1440305 Προμήθειες εγγυημένης αναβαλλόμενης φορολογικής
219,Έσοδα,177000000,-,145 Διοικητικές αμοιβές
220,Έσοδα,177000000,-,14501 Παράβολα
221,Έσοδα,20000000,-,1450101 Παράβολα για τη χορήγηση και ανανέωση αδειών διαμονής
222,Έσοδα,4000000,-,1450102 Παράβολα πολιτογράφησης
223,Έσοδα,57000000,-,1450103 Παράβολα αιτήσεων ρύθμισης αυθαιρέτων κατασκευών ή
224,Έσοδα,96000000,-,1450189 Λοιπά παράβολα
225,Έσοδα,2000000,-,149 Λοιπές πωλήσεις
226,Έσοδα,2000000,-,14909 Έσοδα από λοιπές πωλήσεις
227,Έσοδα,2000000,-,1490901 Έσοδα από εκποίηση κατασχεμένων τροχοφόρων
228,Έσοδα,1564000000,-,15 Λοιπά τρέχοντα έσοδα
229,Έσοδα,150000000,-,151 Τόκοι
230,Έσοδα,15000000,-,15101 Τόκοι καταθέσεων
231,Έσοδα,10000000,-,1510188 Τόκοι καταθέσεων σε λοιπές τράπεζες εσωτερικού
232,Έσοδα,5000000,-,1510189 Τόκοι καταθέσεων σε λοιπές τράπεζες εξωτερικού
233,Έσοδα,135000000,-,15103 Τόκοι μακροπρόθεσμων τίτλων
234,Έσοδα,135000000,-,1510301 Τόκοι από ομόλογα του Ελληνικού Δημοσίου
235,Έσοδα,214000000,-,152 Διανεμόμενο εισόδημα εταιριών
236,Έσοδα,73000000,-,15201 Διανεμόμενο εισόδημα μετοχών εισηγμένων σε χρηματιστήριο
237,Έσοδα,73000000,-,1520101 Διανεμόμενο εισόδημα μετοχών εισηγμένων στο
238,Έσοδα,80000000,-,15202 Διανεμόμενο εισόδημα μετοχών μη εισηγμένων σε
239,Έσοδα,80000000,-,1520201 Διανεμόμενο εισόδημα μετοχών μη εισηγμένων σε
240,Έσοδα,61000000,-,15203 Διανεμόμενο εισόδημα λοιπών συμμετοχών
241,Έσοδα,15000000,-,1520301 Διανεμόμενο εισόδημα συμμετοχών υπό εκκαθάριση ή
242,Έσοδα,46000000,-,1520389 Διανεμόμενο εισόδημα λοιπών συμμετοχών
243,Έσοδα,27000000,-,153 Ενοίκια φυσικών πόρων
244,Έσοδα,2000000,-,15301 Ενοίκια πόρων υπεδάφους
245,Έσοδα,2000000,-,1530101 Ενοίκια από δικαιώματα μεταλλειοκτησίας
246,Έσοδα,23000000,-,15302 Ενοίκια γης
247,Έσοδα,23000000,-,1530289 Λοιπά μισθώματα γης
248,Έσοδα,2000000,-,15309 Ενοίκια λοιπών φυσικών πόρων
249,Έσοδα,2000000,-,1530902 Άδειες χρήσης ραδιοσυχνοτήτων επίγειας ψηφιακής
250,Έσοδα,852000000,-,"156 Πρόστιμα, ποινές και καταλογισμοί"
251,Έσοδα,643000000,-,15601 Φορολογικά πρόστιμα και προσαυξήσεις
252,Έσοδα,643000000,-,"1560101 Προσαυξήσεις, πρόστιμα και χρηματικές ποινές σε"
253,Έσοδα,18000000,-,15602 Τελωνειακά Πρόστιμα και προσαυξήσεις
254,Έσοδα,14000000,-,1560201 Πρόστιμα τελωνειακών παραβάσεων και λαθρεμπορίας
255,Έσοδα,3000000,-,1560202 Προσαυξήσεις εκπρόθεσμης καταβολής
256,Έσοδα,1000000,-,1560204 Ποινές ανακριβούς δήλωσης
257,Έσοδα,10000000,-,15604 Καταλογισμοί
258,Έσοδα,1000000,-,1560401 Καταλογισμοί για προγράμματα του Κοινωνικού Ταμείου
259,Έσοδα,1000000,-,1560402 Καταλογισμοί για προγράμματα του Ευρωπαϊκού Γεωργικού
260,Έσοδα,7000000,-,1560403 Καταλογισμοί για προγράμματα του Ταμείου Περιφερειακής
261,Έσοδα,1000000,-,1560404 Καταλογισμοί για προγράμματα του Ευρωπαϊκού Γεωργικού
262,Έσοδα,181000000,-,15609 Λοιπά πρόστιμα
263,Έσοδα,5000000,-,1560901 Πρόστιμα για αυθαίρετα κτίσματα
264,Έσοδα,1000000,-,1560902 Πρόστιμα από ελλιπείς θέσεις στάθμευσης σε κτίρια
265,Έσοδα,3000000,-,1560903 Πρόστιμα Πράσινου Ταμείου
266,Έσοδα,3000000,-,1560904 Πρόστιμα Γαλάζιου Ταμείου
267,Έσοδα,33000000,-,1560905 Πρόστιμα και χρηματικές ποινές επιβαλλόμενες από τα
268,Έσοδα,8000000,-,1560906 Πρόστιμα για παραβάσεις εργατικής νομοθεσίας
269,Έσοδα,5000000,-,1560908 Πρόστιμα για λιμενικές παραβάσεις
270,Έσοδα,1000000,-,1560909 Πρόστιμα  για την προστασία των καταναλωτών
271,Έσοδα,20000000,-,1560911 Προσαυξήσεις εκπρόθεσμης καταβολής μη φορολογικών
272,Έσοδα,1000000,-,1560921 Καταπτώσεις εγγυητικών επιστολών
273,Έσοδα,2000000,-,1560922 Πρόστιμα για παραβάσεις σχετικές με την πρόληψη και
274,Έσοδα,40000000,-,1560988 Λοιπά μη ταξινομημένα μη φορολογικά έσοδα
275,Έσοδα,59000000,-,1560989 Λοιπά πρόστιμα και χρηματικές ποινές
276,Έσοδα,321000000,-,159 Επιστροφές δαπανών
277,Έσοδα,61000000,-,15901 Επιστροφές αποδοχών
278,Έσοδα,61000000,-,1590189 Λοιπές επιστροφές αποδοχών
279,Έσοδα,166000000,-,15903 Επιστροφές μεταβιβάσεων
280,Έσοδα,138000000,-,1590301 Επιστροφές ποσών από ΝΠΔΔ για εκτέλεση έργων
281,Έσοδα,20000000,-,1590302 Επιστροφές  ποσών από φυσικά πρόσωπα για εκτέλεση
282,Έσοδα,4000000,-,1590304 Επιστροφές επιχορηγήσεων για διαχείριση Απορριμμάτων
283,Έσοδα,4000000,-,1590309 Λοιπές επιστροφές από την εκτέλεση έργων επενδύσεων
284,Έσοδα,94000000,-,15907 Επιστροφές λοιπών δαπανών
285,Έσοδα,24000000,-,1590788 Επιστροφές χρημάτων για τακτοποίηση Χ.Ε.Π.
286,Έσοδα,70000000,-,1590789 Λοιπές επιστροφές ποσών
287,Έσοδα,332000000,-,31 Πάγια περιουσιακά στοιχεία
288,Έσοδα,7000000,-,311 Κτίρια και συναφείς υποδομές
289,Έσοδα,7000000,-,31103 Λοιπά κτίρια
290,Έσοδα,7000000,-,3110389 Λοιπά Κτίρια
291,Έσοδα,325000000,-,315 Μη παραγόμενα περιουσιακά στοιχεία
292,Έσοδα,325000000,-,31501 Γη
293,Έσοδα,325000000,-,3150101 Δημόσια κτήματα
294,Έσοδα,550000000,-,43 Χρεωστικοί τίτλοι
295,Έσοδα,550000000,-,432 Μακροπρόθεσμοι χρεωστικοί τίτλοι
296,Έσοδα,550000000,-,43202 Μακροπρόθεσμοι τίτλοι έκδοσης Δημόσιων Επιχειρήσεων
297,Έσοδα,550000000,-,4320201 Ομόλογα Δημοσίων Επιχειρήσεων
298,Έσοδα,2063000000,-,45 Συμμετοχικοί τίτλοι και μερίδια επενδυτικών κεφαλαίων
299,Έσοδα,3000000,-,451 Εισηγμένες μετοχές
300,Έσοδα,3000000,-,45109 Λοιπές εισηγμένες μετοχές
301,Έσοδα,3000000,-,4510901 Μετοχές λοιπών επιχειρήσεων εισηγμένων στο
302,Έσοδα,2060000000,-,452 Μη εισηγμένες μετοχές
303,Έσοδα,2060000000,-,45209 Λοιπές μη εισηγμένες μετοχές
304,Έσοδα,2060000000,-,4520901 Λοιπές μη εισηγμένες μετοχές εσωτερικού
305,Έσοδα,19000000,-,52 Υποχρεώσεις από Νόμισμα και καταθέσεις
306,Έσοδα,19000000,-,521 Υποχρεώσεις από νόμισμα σε κυκλοφορία
307,Έσοδα,19000000,-,52101 Υποχρεώσεις από κέρματα σε κυκλοφορία
308,Έσοδα,19000000,-,5210101 Μεταλλικά κέρματα σε κυκλοφορία
309,Έσοδα,22761145000,-,53 Χρεωστικοί τίτλοι (Υποχρεώσεις)
310,Έσοδα,13500000000,-,531 Βραχυπρόθεσμοι χρεωστικοί τίτλοι
311,Έσοδα,13500000000,-,53101 Βραχυπρόθεσμοι τίτλοι εσωτερικού
312,Έσοδα,13500000000,-,5310101 Έντοκα γραμμάτια του Ελληνικού Δημοσίου
313,Έσοδα,9261145000,-,532 Μακροπρόθεσμοι χρεωστικοί τίτλοι
314,Έσοδα,9261145000,-,53201 Μακροπρόθεσμοι τίτλοι εσωτερικού
315,Έσοδα,9261145000,-,5320101 Ομόλογα Ελληνικού Δημοσίου στην αγορά εσωτερικού
316,Έσοδα,600000000000,-,54 Δάνεια
317,Έσοδα,600000000000,-,541 Βραχυπρόθεσμα δάνεια
318,Έσοδα,600000000000,-,54101 Βραχυπρόθεσμα δάνεια εσωτερικού
319,Έσοδα,600000000000,-,5410102 Τίτλοι με σύμφωνο επαναγοράς
320,Έξοδα,3691000,ΠΡΟΕΔΡΙΑ ΤΗΣ ΔΗΜΟΚΡΑΤΙΑΣ,1001-101-0000000 Προεδρία της Δημοκρατίας
321,Έξοδα,4505000,ΒΟΥΛΗ ΤΩΝ ΕΛΛΗΝΩΝ,1003-101-0000000 Γραφεία Προέδρου και Αντιπροέδρων της Βουλής των
322,Έξοδα,54692000,ΒΟΥΛΗ ΤΩΝ ΕΛΛΗΝΩΝ,1003-201-0000000 Γενική Γραμματεία της Βουλής των Ελλήνων
323,Έξοδα,80353000,ΒΟΥΛΗ ΤΩΝ ΕΛΛΗΝΩΝ,"1003-501-0000000 Λοιπές αυτοτελείς Υπηρεσίες και μονάδες, οι οποίες"
324,Έξοδα,1000000,ΒΟΥΛΗ ΤΩΝ ΕΛΛΗΝΩΝ,"1003-501-0000000 Λοιπές αυτοτελείς Υπηρεσίες και μονάδες, οι οποίες"
325,Έξοδα,2092000,ΥΠΟΥΡΓΕΙΟ ΕΣΩΤΕΡΙΚΩΝ,"1007-101-0000000 Γραφεία Υπουργού, Αναπληρωτών Υπουργών,"
326,Έξοδα,531000,ΥΠΟΥΡΓΕΙΟ ΕΣΩΤΕΡΙΚΩΝ,"1007-103-0000000 Γραφεία Υπουργού, Αναπληρωτών Υπουργών,"
327,Έξοδα,12638000,ΥΠΟΥΡΓΕΙΟ ΕΣΩΤΕΡΙΚΩΝ,1007-202-0000000 Γενική Γραμματεία Ιθαγένειας
328,Έξοδα,2725459000,ΥΠΟΥΡΓΕΙΟ ΕΣΩΤΕΡΙΚΩΝ,1007-206-0000000 Γενική Γραμματεία Εσωτερικών και Οργάνωσης
329,Έξοδα,15893000,ΥΠΟΥΡΓΕΙΟ ΕΣΩΤΕΡΙΚΩΝ,1007-207-0000000 Γενική Γραμματεία Ανθρωπίνου Δυναμικού Δημοσίου
330,Έξοδα,1163000,ΥΠΟΥΡΓΕΙΟ ΕΣΩΤΕΡΙΚΩΝ,1007-501-0000000 Λοιπές μονάδες/αυτοτελείς μονάδες του Υπουργείου
331,Έξοδα,220000,ΥΠΟΥΡΓΕΙΟ ΕΣΩΤΕΡΙΚΩΝ,1007-503-0000000 Λοιπές μονάδες/αυτοτελείς μονάδες του τομέα
332,Έξοδα,11263000,ΥΠΟΥΡΓΕΙΟ ΕΣΩΤΕΡΙΚΩΝ,1007-801-0000000 Δαπάνες της Ανεξάρτητης Διοικητικής Αρχής Ανώτατο
333,Έξοδα,7329000,ΥΠΟΥΡΓΕΙΟ ΕΣΩΤΕΡΙΚΩΝ,1007-802-0000000 Δαπάνες της Ανεξάρτητης Διοικητικής Αρχής
334,Έξοδα,5086000,ΥΠΟΥΡΓΕΙΟ ΕΣΩΤΕΡΙΚΩΝ,1007-803-0000000 Δαπάνες της Ανεξάρτητης Αρχής ""Εθνική Αρχή
335,Έξοδα,3997000,ΥΠΟΥΡΓΕΙΟ ΕΣΩΤΕΡΙΚΩΝ,1007-999-0100000 Γενική Διεύθυνση του τομέα Μακεδονίας και Θράκης
336,Έξοδα,20000000,ΥΠΟΥΡΓΕΙΟ ΕΣΩΤΕΡΙΚΩΝ,1007-206-0000000 Γενική Γραμματεία Εσωτερικών και Οργάνωσης
337,Έξοδα,1000000,ΥΠΟΥΡΓΕΙΟ ΕΣΩΤΕΡΙΚΩΝ,1007-999-0100000 Γενική Διεύθυνση του τομέα Μακεδονίας και Θράκης
338,Έξοδα,140000000,ΥΠΟΥΡΓΕΙΟ ΕΣΩΤΕΡΙΚΩΝ,1007-206-0000000 Γενική Γραμματεία Εσωτερικών και Οργάνωσης
339,Έξοδα,50000000,ΥΠΟΥΡΓΕΙΟ ΕΣΩΤΕΡΙΚΩΝ,1007-207-0000000 Γενική Γραμματεία Ανθρωπίνου Δυναμικού Δημοσίου
340,Έξοδα,1000000,ΥΠΟΥΡΓΕΙΟ ΕΣΩΤΕΡΙΚΩΝ,1007-999-0100000 Γενική Διεύθυνση του τομέα Μακεδονίας και Θράκης
341,Έξοδα,3620000,ΥΠΟΥΡΓΕΙΟ ΕΞΩΤΕΡΙΚΩΝ,"1009-101-0000000 Γραφεία Υπουργού, Αναπληρωτών Υπουργών,"
342,Έξοδα,41265000,ΥΠΟΥΡΓΕΙΟ ΕΞΩΤΕΡΙΚΩΝ,1009-201-0000000 Υπηρεσιακή Γενική Γραμματεία του Υπουργείου
343,Έξοδα,1545000,ΥΠΟΥΡΓΕΙΟ ΕΞΩΤΕΡΙΚΩΝ,1009-205-0000000 Γενική Γραμματεία Αποδήμου Ελληνισμού
344,Έξοδα,4577000,ΥΠΟΥΡΓΕΙΟ ΕΞΩΤΕΡΙΚΩΝ,1009-206-0000000 Γενική Γραμματεία Διεθνών Οικονομικών Σχέσεων και
345,Έξοδα,3394000,ΥΠΟΥΡΓΕΙΟ ΕΞΩΤΕΡΙΚΩΝ,"1009-207-0000000 Γενική Γραμματεία Δημόσιας Διπλωματίας,"
346,Έξοδα,207342000,ΥΠΟΥΡΓΕΙΟ ΕΞΩΤΕΡΙΚΩΝ,1009-401-0000000 Αρχές Εξωτερικής Υπηρεσίας
347,Έξοδα,5366000,ΥΠΟΥΡΓΕΙΟ ΕΞΩΤΕΡΙΚΩΝ,1009-501-0000000 Λοιπές μονάδες/αυτοτελείς μονάδες του Υπουργείου
348,Έξοδα,7000000,ΥΠΟΥΡΓΕΙΟ ΕΞΩΤΕΡΙΚΩΝ,1009-501-0000000 Λοιπές μονάδες/αυτοτελείς μονάδες του Υπουργείου
349,Έξοδα,4000000,ΥΠΟΥΡΓΕΙΟ ΕΞΩΤΕΡΙΚΩΝ,1009-501-0000000 Λοιπές μονάδες/αυτοτελείς μονάδες του Υπουργείου
350,Έξοδα,552386000,ΥΠΟΥΡΓΕΙΟ ΕΘΝΙΚΗΣ ΑΜΥΝΑΣ,"1011-101-0000000 Γραφεία Υπουργού, Αναπληρωτών Υπουργών,"
351,Έξοδα,18382000,ΥΠΟΥΡΓΕΙΟ ΕΘΝΙΚΗΣ ΑΜΥΝΑΣ,1011-201-0000000 Γενικό Επιτελείο Εθνικής Άμυνας
352,Έξοδα,1472276000,ΥΠΟΥΡΓΕΙΟ ΕΘΝΙΚΗΣ ΑΜΥΝΑΣ,1011-202-0000000 Γενικό Επιτελείο Στρατού
353,Έξοδα,5884000,ΥΠΟΥΡΓΕΙΟ ΕΘΝΙΚΗΣ ΑΜΥΝΑΣ,1011-202-9900100 Ελληνική Δύναμη Κύπρου
354,Έξοδα,510150000,ΥΠΟΥΡΓΕΙΟ ΕΘΝΙΚΗΣ ΑΜΥΝΑΣ,1011-203-0000000 Γενικό Επιτελείο Ναυτικού
355,Έξοδα,775868000,ΥΠΟΥΡΓΕΙΟ ΕΘΝΙΚΗΣ ΑΜΥΝΑΣ,1011-204-0000000 Γενικό Επιτελείο Αεροπορίας
356,Έξοδα,39503000,ΥΠΟΥΡΓΕΙΟ ΕΘΝΙΚΗΣ ΑΜΥΝΑΣ,1011-601-0000000 Εθνική Υπηρεσία Πληροφοριών
357,Έξοδα,8551000,ΥΠΟΥΡΓΕΙΟ ΕΘΝΙΚΗΣ ΑΜΥΝΑΣ,1011-901-0000000 Αμοιβές και αποζημιώσεις υπαλλήλων του ΝΙΜΤΣ που
358,Έξοδα,4000000,ΥΠΟΥΡΓΕΙΟ ΕΘΝΙΚΗΣ ΑΜΥΝΑΣ,1011-501-0000000 Λοιπές μονάδες/αυτοτελείς μονάδες του Υπουργείου
359,Έξοδα,10000000,ΥΠΟΥΡΓΕΙΟ ΕΘΝΙΚΗΣ ΑΜΥΝΑΣ,1011-501-0000000 Λοιπές μονάδες/αυτοτελείς μονάδες του Υπουργείου
360,Έξοδα,2047000,ΥΠΟΥΡΓΕΙΟ ΥΓΕΙΑΣ,"1015-101-0000000 Γραφεία Υπουργού, Αναπληρωτών Υπουργών,"
361,Έξοδα,87764000,ΥΠΟΥΡΓΕΙΟ ΥΓΕΙΑΣ,1015-202-0000000 Γενική Γραμματεία Δημόσιας Υγείας
362,Έξοδα,1509673000,ΥΠΟΥΡΓΕΙΟ ΥΓΕΙΑΣ,1015-203-0000000 Γενική Γραμματεία Υπηρεσιών Υγείας
363,Έξοδα,380000,ΥΠΟΥΡΓΕΙΟ ΥΓΕΙΑΣ,1015-401-0000000 Εθνική Αρχή Ιατρικώς Υποβοηθούμενης
364,Έξοδα,24383000,ΥΠΟΥΡΓΕΙΟ ΥΓΕΙΑΣ,1015-501-0000000 Λοιπές μονάδες/αυτοτελείς μονάδες του Υπουργείου
365,Έξοδα,94000,ΥΠΟΥΡΓΕΙΟ ΥΓΕΙΑΣ,1015-601-0000000 Δαπάνες του Εθνικού Συντονιστή για την
366,Έξοδα,1736712000,ΥΠΟΥΡΓΕΙΟ ΥΓΕΙΑΣ,1015-901-0000000 Αμοιβές & αποζημιώσεις υπαλλήλων Νοσοκομείων
367,Έξοδα,358127000,ΥΠΟΥΡΓΕΙΟ ΥΓΕΙΑΣ,"1015-902-0000000 Αμοιβές & αποζημιώσεις υπαλλήλων ΥΠΕ-ΠΕΔΥ, που"
368,Έξοδα,79480000,ΥΠΟΥΡΓΕΙΟ ΥΓΕΙΑΣ,1015-904-0000000 Αμοιβές & αποζημιώσεις υπαλλήλων του Εθνικού
369,Έξοδα,20000000,ΥΠΟΥΡΓΕΙΟ ΥΓΕΙΑΣ,1015-501-0000000 Λοιπές μονάδες/αυτοτελείς μονάδες του Υπουργείου
370,Έξοδα,40000000,ΥΠΟΥΡΓΕΙΟ ΥΓΕΙΑΣ,1015-501-0000000 Λοιπές μονάδες/αυτοτελείς μονάδες του Υπουργείου
371,Έξοδα,1822000,ΥΠΟΥΡΓΕΙΟ ΔΙΚΑΙΟΣΥΝΗΣ,"1017-101-0000000 Γραφεία Υπουργού, Αναπληρωτών Υπουργών,"
372,Έξοδα,463297000,ΥΠΟΥΡΓΕΙΟ ΔΙΚΑΙΟΣΥΝΗΣ,1017-206-0000000 Γενική Γραμματεία Δικαιοσύνης και Ανθρωπίνων
373,Έξοδα,33147000,ΥΠΟΥΡΓΕΙΟ ΔΙΚΑΙΟΣΥΝΗΣ,1017-401-0000000 Ελεγκτικό Συνέδριο
374,Έξοδα,5424000,ΥΠΟΥΡΓΕΙΟ ΔΙΚΑΙΟΣΥΝΗΣ,1017-501-0000000 Λοιπές μονάδες/αυτοτελείς μονάδες του Υπουργείου
375,Έξοδα,3101000,ΥΠΟΥΡΓΕΙΟ ΔΙΚΑΙΟΣΥΝΗΣ,1017-801-0000000 Δαπάνες της Ανεξάρτητης Διοικητικής Αρχής
376,Έξοδα,2963000,ΥΠΟΥΡΓΕΙΟ ΔΙΚΑΙΟΣΥΝΗΣ,1017-802-0000000 Δαπάνες της Ανεξάρτητης Διοικητικής Αρχής
377,Έξοδα,3000000,ΥΠΟΥΡΓΕΙΟ ΔΙΚΑΙΟΣΥΝΗΣ,1017-501-0000000 Λοιπές μονάδες/αυτοτελείς μονάδες του Υπουργείου
378,Έξοδα,20000000,ΥΠΟΥΡΓΕΙΟ ΔΙΚΑΙΟΣΥΝΗΣ,1017-501-0000000 Λοιπές μονάδες/αυτοτελείς μονάδες του Υπουργείου
379,Έξοδα,1734000,ΥΠΟΥΡΓΕΙΟ ΠΑΙΔΕΙΑΣ & ΘΡΗΣΚΕΥΜΑΤΩΝ,"1019-101-0000000 Γραφεία Υπουργού, Αναπληρωτών Υπουργών,"
380,Έξοδα,228045000,ΥΠΟΥΡΓΕΙΟ ΠΑΙΔΕΙΑΣ & ΘΡΗΣΚΕΥΜΑΤΩΝ,1019-202-0000000 Γενική Γραμματεία Θρησκευμάτων
381,Έξοδα,3597028300,ΥΠΟΥΡΓΕΙΟ ΠΑΙΔΕΙΑΣ & ΘΡΗΣΚΕΥΜΑΤΩΝ,"1019-206-0000000 Γενική Γραμματεία Πρωτοβάθμιας, Δευτεροβάθμιας"
382,Έξοδα,122100,ΥΠΟΥΡΓΕΙΟ ΠΑΙΔΕΙΑΣ & ΘΡΗΣΚΕΥΜΑΤΩΝ,1019-206-9900100 Περιφερειακές Διευθύνσεις Πρωτοβάθμιας και
383,Έξοδα,345600,ΥΠΟΥΡΓΕΙΟ ΠΑΙΔΕΙΑΣ & ΘΡΗΣΚΕΥΜΑΤΩΝ,1019-206-9900200 Περιφερειακές Διευθύνσεις Πρωτοβάθμιας και
384,Έξοδα,123600,ΥΠΟΥΡΓΕΙΟ ΠΑΙΔΕΙΑΣ & ΘΡΗΣΚΕΥΜΑΤΩΝ,1019-206-9900300 Περιφερειακές Διευθύνσεις Πρωτοβάθμιας και
385,Έξοδα,247300,ΥΠΟΥΡΓΕΙΟ ΠΑΙΔΕΙΑΣ & ΘΡΗΣΚΕΥΜΑΤΩΝ,1019-206-9900400 Περιφερειακές Διευθύνσεις Πρωτοβάθμιας και
386,Έξοδα,146700,ΥΠΟΥΡΓΕΙΟ ΠΑΙΔΕΙΑΣ & ΘΡΗΣΚΕΥΜΑΤΩΝ,1019-206-9900500 Περιφερειακές Διευθύνσεις Πρωτοβάθμιας και
387,Έξοδα,135200,ΥΠΟΥΡΓΕΙΟ ΠΑΙΔΕΙΑΣ & ΘΡΗΣΚΕΥΜΑΤΩΝ,1019-206-9900600 Περιφερειακές Διευθύνσεις Πρωτοβάθμιας και
388,Έξοδα,122000,ΥΠΟΥΡΓΕΙΟ ΠΑΙΔΕΙΑΣ & ΘΡΗΣΚΕΥΜΑΤΩΝ,1019-206-9900700 Περιφερειακές Διευθύνσεις Πρωτοβάθμιας και
389,Έξοδα,129700,ΥΠΟΥΡΓΕΙΟ ΠΑΙΔΕΙΑΣ & ΘΡΗΣΚΕΥΜΑΤΩΝ,1019-206-9900800 Περιφερειακές Διευθύνσεις Πρωτοβάθμιας και
390,Έξοδα,297400,ΥΠΟΥΡΓΕΙΟ ΠΑΙΔΕΙΑΣ & ΘΡΗΣΚΕΥΜΑΤΩΝ,1019-206-9900900 Περιφερειακές Διευθύνσεις Πρωτοβάθμιας και
391,Έξοδα,191200,ΥΠΟΥΡΓΕΙΟ ΠΑΙΔΕΙΑΣ & ΘΡΗΣΚΕΥΜΑΤΩΝ,1019-206-9901000 Περιφερειακές Διευθύνσεις Πρωτοβάθμιας και
392,Έξοδα,368100,ΥΠΟΥΡΓΕΙΟ ΠΑΙΔΕΙΑΣ & ΘΡΗΣΚΕΥΜΑΤΩΝ,1019-206-9901100 Περιφερειακές Διευθύνσεις Πρωτοβάθμιας και
393,Έξοδα,149000,ΥΠΟΥΡΓΕΙΟ ΠΑΙΔΕΙΑΣ & ΘΡΗΣΚΕΥΜΑΤΩΝ,1019-206-9901200 Περιφερειακές Διευθύνσεις Πρωτοβάθμιας και
394,Έξοδα,158100,ΥΠΟΥΡΓΕΙΟ ΠΑΙΔΕΙΑΣ & ΘΡΗΣΚΕΥΜΑΤΩΝ,1019-206-9901300 Περιφερειακές Διευθύνσεις Πρωτοβάθμιας και
395,Έξοδα,153500,ΥΠΟΥΡΓΕΙΟ ΠΑΙΔΕΙΑΣ & ΘΡΗΣΚΕΥΜΑΤΩΝ,1019-206-9910100 Διεύθυνση Πρωτοβάθμιας Εκπαίδευσης στο νομό
396,Έξοδα,36000,ΥΠΟΥΡΓΕΙΟ ΠΑΙΔΕΙΑΣ & ΘΡΗΣΚΕΥΜΑΤΩΝ,1019-206-9910200 Διεύθυνση Πρωτοβάθμιας Εκπαίδευσης στο νομό
397,Έξοδα,33000,ΥΠΟΥΡΓΕΙΟ ΠΑΙΔΕΙΑΣ & ΘΡΗΣΚΕΥΜΑΤΩΝ,1019-206-9910300 Διεύθυνση Πρωτοβάθμιας Εκπαίδευσης στο νομό
398,Έξοδα,60000,ΥΠΟΥΡΓΕΙΟ ΠΑΙΔΕΙΑΣ & ΘΡΗΣΚΕΥΜΑΤΩΝ,1019-206-9910400 Διεύθυνση Πρωτοβάθμιας Εκπαίδευσης στο νομό
399,Έξοδα,87000,ΥΠΟΥΡΓΕΙΟ ΠΑΙΔΕΙΑΣ & ΘΡΗΣΚΕΥΜΑΤΩΝ,1019-206-9910500 Διεύθυνση Πρωτοβάθμιας Εκπαίδευσης Νομαρχίας
400,Έξοδα,77000,ΥΠΟΥΡΓΕΙΟ ΠΑΙΔΕΙΑΣ & ΘΡΗΣΚΕΥΜΑΤΩΝ,1019-206-9910600 Διεύθυνση Πρωτοβάθμιας Εκπαίδευσης Νομαρχίας
401,Έξοδα,81700,ΥΠΟΥΡΓΕΙΟ ΠΑΙΔΕΙΑΣ & ΘΡΗΣΚΕΥΜΑΤΩΝ,1019-206-9910700 Διεύθυνση Πρωτοβάθμιας Εκπαίδευσης Νομαρχίας
402,Έξοδα,32000,ΥΠΟΥΡΓΕΙΟ ΠΑΙΔΕΙΑΣ & ΘΡΗΣΚΕΥΜΑΤΩΝ,1019-206-9910800 Διεύθυνση Πρωτοβάθμιας Εκπαίδευσης Νομαρχίας
403,Έξοδα,102000,ΥΠΟΥΡΓΕΙΟ ΠΑΙΔΕΙΑΣ & ΘΡΗΣΚΕΥΜΑΤΩΝ,1019-206-9910900 Διεύθυνση Πρωτοβάθμιας Εκπαίδευσης στο νομό
404,Έξοδα,44000,ΥΠΟΥΡΓΕΙΟ ΠΑΙΔΕΙΑΣ & ΘΡΗΣΚΕΥΜΑΤΩΝ,1019-206-9911000 Διεύθυνση Πρωτοβάθμιας Εκπαίδευσης στο νομό
405,Έξοδα,15000,ΥΠΟΥΡΓΕΙΟ ΠΑΙΔΕΙΑΣ & ΘΡΗΣΚΕΥΜΑΤΩΝ,1019-206-9911100 Διεύθυνση Πρωτοβάθμιας Εκπαίδευσης στο νομό
406,Έξοδα,21000,ΥΠΟΥΡΓΕΙΟ ΠΑΙΔΕΙΑΣ & ΘΡΗΣΚΕΥΜΑΤΩΝ,1019-206-9911200 Διεύθυνση Πρωτοβάθμιας Εκπαίδευσης στο νομό
407,Έξοδα,36500,ΥΠΟΥΡΓΕΙΟ ΠΑΙΔΕΙΑΣ & ΘΡΗΣΚΕΥΜΑΤΩΝ,1019-206-9911300 Διεύθυνση Πρωτοβάθμιας Εκπαίδευσης στο νομό
408,Έξοδα,84000,ΥΠΟΥΡΓΕΙΟ ΠΑΙΔΕΙΑΣ & ΘΡΗΣΚΕΥΜΑΤΩΝ,1019-206-9911400 Διεύθυνση Πρωτοβάθμιας Εκπαίδευσης στο νομό
409,Έξοδα,147050,ΥΠΟΥΡΓΕΙΟ ΠΑΙΔΕΙΑΣ & ΘΡΗΣΚΕΥΜΑΤΩΝ,1019-206-9911500 Διεύθυνση Πρωτοβάθμιας Εκπαίδευσης στο νομό
410,Έξοδα,30000,ΥΠΟΥΡΓΕΙΟ ΠΑΙΔΕΙΑΣ & ΘΡΗΣΚΕΥΜΑΤΩΝ,1019-206-9911600 Διεύθυνση Πρωτοβάθμιας Εκπαίδευσης στο νομό
411,Έξοδα,21000,ΥΠΟΥΡΓΕΙΟ ΠΑΙΔΕΙΑΣ & ΘΡΗΣΚΕΥΜΑΤΩΝ,1019-206-9911700 Διεύθυνση Πρωτοβάθμιας Εκπαίδευσης στο νομό
412,Έξοδα,147000,ΥΠΟΥΡΓΕΙΟ ΠΑΙΔΕΙΑΣ & ΘΡΗΣΚΕΥΜΑΤΩΝ,1019-206-9911800 Διεύθυνση Πρωτοβάθμιας Εκπαίδευσης στο νομό
413,Έξοδα,24000,ΥΠΟΥΡΓΕΙΟ ΠΑΙΔΕΙΑΣ & ΘΡΗΣΚΕΥΜΑΤΩΝ,1019-206-9911900 Διεύθυνση Πρωτοβάθμιας Εκπαίδευσης στο νομό
414,Έξοδα,278250,ΥΠΟΥΡΓΕΙΟ ΠΑΙΔΕΙΑΣ & ΘΡΗΣΚΕΥΜΑΤΩΝ,1019-206-9912000 Διεύθυνση Πρωτοβάθμιας Εκπαίδευσης στο νομό
415,Έξοδα,19000,ΥΠΟΥΡΓΕΙΟ ΠΑΙΔΕΙΑΣ & ΘΡΗΣΚΕΥΜΑΤΩΝ,1019-206-9912100 Διεύθυνση Πρωτοβάθμιας Εκπαίδευσης στο νομό
416,Έξοδα,108000,ΥΠΟΥΡΓΕΙΟ ΠΑΙΔΕΙΑΣ & ΘΡΗΣΚΕΥΜΑΤΩΝ,1019-206-9912200 Διεύθυνση Πρωτοβάθμιας Εκπαίδευσης στο νομό
417,Έξοδα,79500,ΥΠΟΥΡΓΕΙΟ ΠΑΙΔΕΙΑΣ & ΘΡΗΣΚΕΥΜΑΤΩΝ,1019-206-9912300 Διεύθυνση Πρωτοβάθμιας Εκπαίδευσης στο νομό
418,Έξοδα,38500,ΥΠΟΥΡΓΕΙΟ ΠΑΙΔΕΙΑΣ & ΘΡΗΣΚΕΥΜΑΤΩΝ,1019-206-9912400 Διεύθυνση Πρωτοβάθμιας Εκπαίδευσης στο νομό
419,Έξοδα,50000,ΥΠΟΥΡΓΕΙΟ ΠΑΙΔΕΙΑΣ & ΘΡΗΣΚΕΥΜΑΤΩΝ,1019-206-9912500 Διεύθυνση Πρωτοβάθμιας Εκπαίδευσης στο νομό
420,Έξοδα,29000,ΥΠΟΥΡΓΕΙΟ ΠΑΙΔΕΙΑΣ & ΘΡΗΣΚΕΥΜΑΤΩΝ,1019-206-9912600 Διεύθυνση Πρωτοβάθμιας Εκπαίδευσης στο νομό
421,Έξοδα,25000,ΥΠΟΥΡΓΕΙΟ ΠΑΙΔΕΙΑΣ & ΘΡΗΣΚΕΥΜΑΤΩΝ,1019-206-9912700 Διεύθυνση Πρωτοβάθμιας Εκπαίδευσης στο νομό
422,Έξοδα,14000,ΥΠΟΥΡΓΕΙΟ ΠΑΙΔΕΙΑΣ & ΘΡΗΣΚΕΥΜΑΤΩΝ,1019-206-9912800 Διεύθυνση Πρωτοβάθμιας Εκπαίδευσης στο νομό
423,Έξοδα,30000,ΥΠΟΥΡΓΕΙΟ ΠΑΙΔΕΙΑΣ & ΘΡΗΣΚΕΥΜΑΤΩΝ,1019-206-9912900 Διεύθυνση Πρωτοβάθμιας Εκπαίδευσης στο νομό
424,Έξοδα,109500,ΥΠΟΥΡΓΕΙΟ ΠΑΙΔΕΙΑΣ & ΘΡΗΣΚΕΥΜΑΤΩΝ,1019-206-9913000 Διεύθυνση Πρωτοβάθμιας Εκπαίδευσης στο νομό
425,Έξοδα,28000,ΥΠΟΥΡΓΕΙΟ ΠΑΙΔΕΙΑΣ & ΘΡΗΣΚΕΥΜΑΤΩΝ,1019-206-9913100 Διεύθυνση Πρωτοβάθμιας Εκπαίδευσης στο νομό
426,Έξοδα,77000,ΥΠΟΥΡΓΕΙΟ ΠΑΙΔΕΙΑΣ & ΘΡΗΣΚΕΥΜΑΤΩΝ,1019-206-9913200 Διεύθυνση Πρωτοβάθμιας Εκπαίδευσης στο νομό
427,Έξοδα,51500,ΥΠΟΥΡΓΕΙΟ ΠΑΙΔΕΙΑΣ & ΘΡΗΣΚΕΥΜΑΤΩΝ,1019-206-9913300 Διεύθυνση Πρωτοβάθμιας Εκπαίδευσης στο νομό
428,Έξοδα,66100,ΥΠΟΥΡΓΕΙΟ ΠΑΙΔΕΙΑΣ & ΘΡΗΣΚΕΥΜΑΤΩΝ,1019-206-9913400 Διεύθυνση Πρωτοβάθμιας Εκπαίδευσης στο νομό
429,Έξοδα,35500,ΥΠΟΥΡΓΕΙΟ ΠΑΙΔΕΙΑΣ & ΘΡΗΣΚΕΥΜΑΤΩΝ,1019-206-9913500 Διεύθυνση Πρωτοβάθμιας Εκπαίδευσης στο νομό
430,Έξοδα,58900,ΥΠΟΥΡΓΕΙΟ ΠΑΙΔΕΙΑΣ & ΘΡΗΣΚΕΥΜΑΤΩΝ,1019-206-9913600 Διεύθυνση Πρωτοβάθμιας Εκπαίδευσης στο νομό
431,Έξοδα,13900,ΥΠΟΥΡΓΕΙΟ ΠΑΙΔΕΙΑΣ & ΘΡΗΣΚΕΥΜΑΤΩΝ,1019-206-9913700 Διεύθυνση Πρωτοβάθμιας Εκπαίδευσης στο νομό
432,Έξοδα,60000,ΥΠΟΥΡΓΕΙΟ ΠΑΙΔΕΙΑΣ & ΘΡΗΣΚΕΥΜΑΤΩΝ,1019-206-9913800 Διεύθυνση Πρωτοβάθμιας Εκπαίδευσης στο νομό
433,Έξοδα,35500,ΥΠΟΥΡΓΕΙΟ ΠΑΙΔΕΙΑΣ & ΘΡΗΣΚΕΥΜΑΤΩΝ,1019-206-9913900 Διεύθυνση Πρωτοβάθμιας Εκπαίδευσης στο νομό
434,Έξοδα,107500,ΥΠΟΥΡΓΕΙΟ ΠΑΙΔΕΙΑΣ & ΘΡΗΣΚΕΥΜΑΤΩΝ,1019-206-9914000 Διεύθυνση Πρωτοβάθμιας Εκπαίδευσης στο νομό
435,Έξοδα,107000,ΥΠΟΥΡΓΕΙΟ ΠΑΙΔΕΙΑΣ & ΘΡΗΣΚΕΥΜΑΤΩΝ,1019-206-9914100 Διεύθυνση Πρωτοβάθμιας Εκπαίδευσης στο νομό
436,Έξοδα,22000,ΥΠΟΥΡΓΕΙΟ ΠΑΙΔΕΙΑΣ & ΘΡΗΣΚΕΥΜΑΤΩΝ,1019-206-9914200 Διεύθυνση Πρωτοβάθμιας Εκπαίδευσης στο νομό
437,Έξοδα,26000,ΥΠΟΥΡΓΕΙΟ ΠΑΙΔΕΙΑΣ & ΘΡΗΣΚΕΥΜΑΤΩΝ,1019-206-9914300 Διεύθυνση Πρωτοβάθμιας Εκπαίδευσης στο νομό
438,Έξοδα,58500,ΥΠΟΥΡΓΕΙΟ ΠΑΙΔΕΙΑΣ & ΘΡΗΣΚΕΥΜΑΤΩΝ,1019-206-9914400 Διεύθυνση Πρωτοβάθμιας Εκπαίδευσης στο νομό
439,Έξοδα,166500,ΥΠΟΥΡΓΕΙΟ ΠΑΙΔΕΙΑΣ & ΘΡΗΣΚΕΥΜΑΤΩΝ,1019-206-9914500 Διεύθυνση Πρωτοβάθμιας Εκπαίδευσης στο νομό
440,Έξοδα,46000,ΥΠΟΥΡΓΕΙΟ ΠΑΙΔΕΙΑΣ & ΘΡΗΣΚΕΥΜΑΤΩΝ,1019-206-9914600 Διεύθυνση Πρωτοβάθμιας Εκπαίδευσης στο νομό
441,Έξοδα,36000,ΥΠΟΥΡΓΕΙΟ ΠΑΙΔΕΙΑΣ & ΘΡΗΣΚΕΥΜΑΤΩΝ,1019-206-9914700 Διεύθυνση Πρωτοβάθμιας Εκπαίδευσης στο νομό
442,Έξοδα,72000,ΥΠΟΥΡΓΕΙΟ ΠΑΙΔΕΙΑΣ & ΘΡΗΣΚΕΥΜΑΤΩΝ,1019-206-9914800 Διεύθυνση Πρωτοβάθμιας Εκπαίδευσης στο νομό
443,Έξοδα,50000,ΥΠΟΥΡΓΕΙΟ ΠΑΙΔΕΙΑΣ & ΘΡΗΣΚΕΥΜΑΤΩΝ,1019-206-9914900 Διεύθυνση Πρωτοβάθμιας Εκπαίδευσης στο νομό
444,Έξοδα,22000,ΥΠΟΥΡΓΕΙΟ ΠΑΙΔΕΙΑΣ & ΘΡΗΣΚΕΥΜΑΤΩΝ,1019-206-9915000 Διεύθυνση Πρωτοβάθμιας Εκπαίδευσης στο νομό
445,Έξοδα,24100,ΥΠΟΥΡΓΕΙΟ ΠΑΙΔΕΙΑΣ & ΘΡΗΣΚΕΥΜΑΤΩΝ,1019-206-9915100 Διεύθυνση Πρωτοβάθμιας Εκπαίδευσης στο νομό
446,Έξοδα,49000,ΥΠΟΥΡΓΕΙΟ ΠΑΙΔΕΙΑΣ & ΘΡΗΣΚΕΥΜΑΤΩΝ,1019-206-9915200 Διεύθυνση Πρωτοβάθμιας Εκπαίδευσης στο νομό
447,Έξοδα,46500,ΥΠΟΥΡΓΕΙΟ ΠΑΙΔΕΙΑΣ & ΘΡΗΣΚΕΥΜΑΤΩΝ,1019-206-9915300 Διεύθυνση Πρωτοβάθμιας Εκπαίδευσης στο νομό
448,Έξοδα,29500,ΥΠΟΥΡΓΕΙΟ ΠΑΙΔΕΙΑΣ & ΘΡΗΣΚΕΥΜΑΤΩΝ,1019-206-9915400 Διεύθυνση Πρωτοβάθμιας Εκπαίδευσης στο νομό Χίου
449,Έξοδα,66000,ΥΠΟΥΡΓΕΙΟ ΠΑΙΔΕΙΑΣ & ΘΡΗΣΚΕΥΜΑΤΩΝ,1019-206-9915500 Διεύθυνση Πρωτοβάθμιας Εκπαίδευσης Νομαρχιακού
450,Έξοδα,65500,ΥΠΟΥΡΓΕΙΟ ΠΑΙΔΕΙΑΣ & ΘΡΗΣΚΕΥΜΑΤΩΝ,1019-206-9915600 Διεύθυνση Πρωτοβάθμιας Εκπαίδευσης Νομαρχιακού
451,Έξοδα,51000,ΥΠΟΥΡΓΕΙΟ ΠΑΙΔΕΙΑΣ & ΘΡΗΣΚΕΥΜΑΤΩΝ,1019-206-9915700 Διεύθυνση Πρωτοβάθμιας Εκπαίδευσης Νομαρχιακού
452,Έξοδα,132700,ΥΠΟΥΡΓΕΙΟ ΠΑΙΔΕΙΑΣ & ΘΡΗΣΚΕΥΜΑΤΩΝ,1019-206-9920100 Διεύθυνση Δευτεροβάθμιας Εκπαίδευσης στο νομό
453,Έξοδα,72700,ΥΠΟΥΡΓΕΙΟ ΠΑΙΔΕΙΑΣ & ΘΡΗΣΚΕΥΜΑΤΩΝ,1019-206-9920200 Διεύθυνση Δευτεροβάθμιας Εκπαίδευσης στο νομό
454,Έξοδα,81200,ΥΠΟΥΡΓΕΙΟ ΠΑΙΔΕΙΑΣ & ΘΡΗΣΚΕΥΜΑΤΩΝ,1019-206-9920300 Διεύθυνση Δευτεροβάθμιας Εκπαίδευσης στο νομό
455,Έξοδα,84700,ΥΠΟΥΡΓΕΙΟ ΠΑΙΔΕΙΑΣ & ΘΡΗΣΚΕΥΜΑΤΩΝ,1019-206-9920400 Διεύθυνση Δευτεροβάθμιας Εκπαίδευσης στο νομό
456,Έξοδα,151900,ΥΠΟΥΡΓΕΙΟ ΠΑΙΔΕΙΑΣ & ΘΡΗΣΚΕΥΜΑΤΩΝ,1019-206-9920500 Διεύθυνση Δευτεροβάθμιας Εκπαίδευσης Νομαρχίας
457,Έξοδα,162700,ΥΠΟΥΡΓΕΙΟ ΠΑΙΔΕΙΑΣ & ΘΡΗΣΚΕΥΜΑΤΩΝ,1019-206-9920600 Διεύθυνση Δευτεροβάθμιας Εκπαίδευσης Νομαρχίας
458,Έξοδα,201700,ΥΠΟΥΡΓΕΙΟ ΠΑΙΔΕΙΑΣ & ΘΡΗΣΚΕΥΜΑΤΩΝ,1019-206-9920700 Διεύθυνση Δευτεροβάθμιας Εκπαίδευσης Νομαρχίας
459,Έξοδα,104900,ΥΠΟΥΡΓΕΙΟ ΠΑΙΔΕΙΑΣ & ΘΡΗΣΚΕΥΜΑΤΩΝ,1019-206-9920800 Διεύθυνση Δευτεροβάθμιας Εκπαίδευσης Νομαρχίας
460,Έξοδα,119700,ΥΠΟΥΡΓΕΙΟ ΠΑΙΔΕΙΑΣ & ΘΡΗΣΚΕΥΜΑΤΩΝ,1019-206-9920900 Διεύθυνση Δευτεροβάθμιας Εκπαίδευσης στο νομό
461,Έξοδα,90900,ΥΠΟΥΡΓΕΙΟ ΠΑΙΔΕΙΑΣ & ΘΡΗΣΚΕΥΜΑΤΩΝ,1019-206-9921000 Διεύθυνση Δευτεροβάθμιας Εκπαίδευσης στο νομό
462,Έξοδα,45700,ΥΠΟΥΡΓΕΙΟ ΠΑΙΔΕΙΑΣ & ΘΡΗΣΚΕΥΜΑΤΩΝ,1019-206-9921100 Διεύθυνση Δευτεροβάθμιας Εκπαίδευσης στο νομό
463,Έξοδα,77700,ΥΠΟΥΡΓΕΙΟ ΠΑΙΔΕΙΑΣ & ΘΡΗΣΚΕΥΜΑΤΩΝ,1019-206-9921200 Διεύθυνση Δευτεροβάθμιας Εκπαίδευσης στο νομό
464,Έξοδα,149900,ΥΠΟΥΡΓΕΙΟ ΠΑΙΔΕΙΑΣ & ΘΡΗΣΚΕΥΜΑΤΩΝ,1019-206-9921300 Διεύθυνση Δευτεροβάθμιας Εκπαίδευσης στο νομό
465,Έξοδα,125700,ΥΠΟΥΡΓΕΙΟ ΠΑΙΔΕΙΑΣ & ΘΡΗΣΚΕΥΜΑΤΩΝ,1019-206-9921400 Διεύθυνση Δευτεροβάθμιας Εκπαίδευσης στο νομό
466,Έξοδα,99900,ΥΠΟΥΡΓΕΙΟ ΠΑΙΔΕΙΑΣ & ΘΡΗΣΚΕΥΜΑΤΩΝ,1019-206-9921500 Διεύθυνση Δευτεροβάθμιας Εκπαίδευσης στο νομό
467,Έξοδα,45700,ΥΠΟΥΡΓΕΙΟ ΠΑΙΔΕΙΑΣ & ΘΡΗΣΚΕΥΜΑΤΩΝ,1019-206-9921600 Διεύθυνση Δευτεροβάθμιας Εκπαίδευσης στο νομό
468,Έξοδα,69700,ΥΠΟΥΡΓΕΙΟ ΠΑΙΔΕΙΑΣ & ΘΡΗΣΚΕΥΜΑΤΩΝ,1019-206-9921700 Διεύθυνση Δευτεροβάθμιας Εκπαίδευσης στο νομό
469,Έξοδα,93700,ΥΠΟΥΡΓΕΙΟ ΠΑΙΔΕΙΑΣ & ΘΡΗΣΚΕΥΜΑΤΩΝ,1019-206-9921800 Διεύθυνση Δευτεροβάθμιας Εκπαίδευσης στο νομό
470,Έξοδα,93700,ΥΠΟΥΡΓΕΙΟ ΠΑΙΔΕΙΑΣ & ΘΡΗΣΚΕΥΜΑΤΩΝ,1019-206-9921900 Διεύθυνση Δευτεροβάθμιας Εκπαίδευσης στο νομό
471,Έξοδα,158700,ΥΠΟΥΡΓΕΙΟ ΠΑΙΔΕΙΑΣ & ΘΡΗΣΚΕΥΜΑΤΩΝ,1019-206-9922000 Διεύθυνση Δευτεροβάθμιας Εκπαίδευσης στο νομό
472,Έξοδα,54700,ΥΠΟΥΡΓΕΙΟ ΠΑΙΔΕΙΑΣ & ΘΡΗΣΚΕΥΜΑΤΩΝ,1019-206-9922100 Διεύθυνση Δευτεροβάθμιας Εκπαίδευσης στο νομό
473,Έξοδα,366000,ΥΠΟΥΡΓΕΙΟ ΠΑΙΔΕΙΑΣ & ΘΡΗΣΚΕΥΜΑΤΩΝ,1019-206-9922200 Διεύθυνση Δευτεροβάθμιας Εκπαίδευσης στο νομό
474,Έξοδα,93800,ΥΠΟΥΡΓΕΙΟ ΠΑΙΔΕΙΑΣ & ΘΡΗΣΚΕΥΜΑΤΩΝ,1019-206-9922300 Διεύθυνση Δευτεροβάθμιας Εκπαίδευσης στο νομό
475,Έξοδα,111900,ΥΠΟΥΡΓΕΙΟ ΠΑΙΔΕΙΑΣ & ΘΡΗΣΚΕΥΜΑΤΩΝ,1019-206-9922400 Διεύθυνση Δευτεροβάθμιας Εκπαίδευσης στο νομό
476,Έξοδα,53700,ΥΠΟΥΡΓΕΙΟ ΠΑΙΔΕΙΑΣ & ΘΡΗΣΚΕΥΜΑΤΩΝ,1019-206-9922500 Διεύθυνση Δευτεροβάθμιας Εκπαίδευσης στο νομό
477,Έξοδα,64200,ΥΠΟΥΡΓΕΙΟ ΠΑΙΔΕΙΑΣ & ΘΡΗΣΚΕΥΜΑΤΩΝ,1019-206-9922600 Διεύθυνση Δευτεροβάθμιας Εκπαίδευσης στο νομό
478,Έξοδα,82700,ΥΠΟΥΡΓΕΙΟ ΠΑΙΔΕΙΑΣ & ΘΡΗΣΚΕΥΜΑΤΩΝ,1019-206-9922700 Διεύθυνση Δευτεροβάθμιας Εκπαίδευσης στο νομό
479,Έξοδα,56700,ΥΠΟΥΡΓΕΙΟ ΠΑΙΔΕΙΑΣ & ΘΡΗΣΚΕΥΜΑΤΩΝ,1019-206-9922800 Διεύθυνση Δευτεροβάθμιας Εκπαίδευσης στο νομό
480,Έξοδα,56700,ΥΠΟΥΡΓΕΙΟ ΠΑΙΔΕΙΑΣ & ΘΡΗΣΚΕΥΜΑΤΩΝ,1019-206-9922900 Διεύθυνση Δευτεροβάθμιας Εκπαίδευσης στο νομό
481,Έξοδα,114700,ΥΠΟΥΡΓΕΙΟ ΠΑΙΔΕΙΑΣ & ΘΡΗΣΚΕΥΜΑΤΩΝ,1019-206-9923000 Διεύθυνση Δευτεροβάθμιας Εκπαίδευσης στο νομό
482,Έξοδα,107700,ΥΠΟΥΡΓΕΙΟ ΠΑΙΔΕΙΑΣ & ΘΡΗΣΚΕΥΜΑΤΩΝ,1019-206-9923100 Διεύθυνση Δευτεροβάθμιας Εκπαίδευσης στο νομό
483,Έξοδα,132900,ΥΠΟΥΡΓΕΙΟ ΠΑΙΔΕΙΑΣ & ΘΡΗΣΚΕΥΜΑΤΩΝ,1019-206-9923200 Διεύθυνση Δευτεροβάθμιας Εκπαίδευσης στο νομό
484,Έξοδα,87700,ΥΠΟΥΡΓΕΙΟ ΠΑΙΔΕΙΑΣ & ΘΡΗΣΚΕΥΜΑΤΩΝ,1019-206-9923300 Διεύθυνση Δευτεροβάθμιας Εκπαίδευσης στο νομό
485,Έξοδα,82700,ΥΠΟΥΡΓΕΙΟ ΠΑΙΔΕΙΑΣ & ΘΡΗΣΚΕΥΜΑΤΩΝ,1019-206-9923400 Διεύθυνση Δευτεροβάθμιας Εκπαίδευσης στο νομό
486,Έξοδα,69700,ΥΠΟΥΡΓΕΙΟ ΠΑΙΔΕΙΑΣ & ΘΡΗΣΚΕΥΜΑΤΩΝ,1019-206-9923500 Διεύθυνση Δευτεροβάθμιας Εκπαίδευσης στο νομό
487,Έξοδα,106900,ΥΠΟΥΡΓΕΙΟ ΠΑΙΔΕΙΑΣ & ΘΡΗΣΚΕΥΜΑΤΩΝ,1019-206-9923600 Διεύθυνση Δευτεροβάθμιας Εκπαίδευσης στο νομό
488,Έξοδα,44200,ΥΠΟΥΡΓΕΙΟ ΠΑΙΔΕΙΑΣ & ΘΡΗΣΚΕΥΜΑΤΩΝ,1019-206-9923700 Διεύθυνση Δευτεροβάθμιας Εκπαίδευσης στο νομό
489,Έξοδα,132700,ΥΠΟΥΡΓΕΙΟ ΠΑΙΔΕΙΑΣ & ΘΡΗΣΚΕΥΜΑΤΩΝ,1019-206-9923800 Διεύθυνση Δευτεροβάθμιας Εκπαίδευσης στο νομό
490,Έξοδα,84700,ΥΠΟΥΡΓΕΙΟ ΠΑΙΔΕΙΑΣ & ΘΡΗΣΚΕΥΜΑΤΩΝ,1019-206-9923900 Διεύθυνση Δευτεροβάθμιας Εκπαίδευσης στο νομό
491,Έξοδα,79700,ΥΠΟΥΡΓΕΙΟ ΠΑΙΔΕΙΑΣ & ΘΡΗΣΚΕΥΜΑΤΩΝ,1019-206-9924000 Διεύθυνση Δευτεροβάθμιας Εκπαίδευσης στο νομό
492,Έξοδα,96700,ΥΠΟΥΡΓΕΙΟ ΠΑΙΔΕΙΑΣ & ΘΡΗΣΚΕΥΜΑΤΩΝ,1019-206-9924100 Διεύθυνση Δευτεροβάθμιας Εκπαίδευσης στο νομό
493,Έξοδα,72700,ΥΠΟΥΡΓΕΙΟ ΠΑΙΔΕΙΑΣ & ΘΡΗΣΚΕΥΜΑΤΩΝ,1019-206-9924200 Διεύθυνση Δευτεροβάθμιας Εκπαίδευσης στο νομό
494,Έξοδα,56700,ΥΠΟΥΡΓΕΙΟ ΠΑΙΔΕΙΑΣ & ΘΡΗΣΚΕΥΜΑΤΩΝ,1019-206-9924300 Διεύθυνση Δευτεροβάθμιας Εκπαίδευσης στο νομό
495,Έξοδα,74700,ΥΠΟΥΡΓΕΙΟ ΠΑΙΔΕΙΑΣ & ΘΡΗΣΚΕΥΜΑΤΩΝ,1019-206-9924400 Διεύθυνση Δευτεροβάθμιας Εκπαίδευσης στο νομό
496,Έξοδα,83700,ΥΠΟΥΡΓΕΙΟ ΠΑΙΔΕΙΑΣ & ΘΡΗΣΚΕΥΜΑΤΩΝ,1019-206-9924500 Διεύθυνση Δευτεροβάθμιας Εκπαίδευσης στο νομό
497,Έξοδα,75200,ΥΠΟΥΡΓΕΙΟ ΠΑΙΔΕΙΑΣ & ΘΡΗΣΚΕΥΜΑΤΩΝ,1019-206-9924600 Διεύθυνση Δευτεροβάθμιας Εκπαίδευσης στο νομό
498,Έξοδα,111700,ΥΠΟΥΡΓΕΙΟ ΠΑΙΔΕΙΑΣ & ΘΡΗΣΚΕΥΜΑΤΩΝ,1019-206-9924700 Διεύθυνση Δευτεροβάθμιας Εκπαίδευσης στο νομό
499,Έξοδα,58200,ΥΠΟΥΡΓΕΙΟ ΠΑΙΔΕΙΑΣ & ΘΡΗΣΚΕΥΜΑΤΩΝ,1019-206-9924800 Διεύθυνση Δευτεροβάθμιας Εκπαίδευσης στο νομό
500,Έξοδα,86700,ΥΠΟΥΡΓΕΙΟ ΠΑΙΔΕΙΑΣ & ΘΡΗΣΚΕΥΜΑΤΩΝ,1019-206-9924900 Διεύθυνση Δευτεροβάθμιας Εκπαίδευσης στο νομό
501,Έξοδα,67700,ΥΠΟΥΡΓΕΙΟ ΠΑΙΔΕΙΑΣ & ΘΡΗΣΚΕΥΜΑΤΩΝ,1019-206-9925000 Διεύθυνση Δευτεροβάθμιας Εκπαίδευσης στο νομό
502,Έξοδα,71700,ΥΠΟΥΡΓΕΙΟ ΠΑΙΔΕΙΑΣ & ΘΡΗΣΚΕΥΜΑΤΩΝ,1019-206-9925100 Διεύθυνση Δευτεροβάθμιας Εκπαίδευσης στο νομό
503,Έξοδα,85700,ΥΠΟΥΡΓΕΙΟ ΠΑΙΔΕΙΑΣ & ΘΡΗΣΚΕΥΜΑΤΩΝ,1019-206-9925200 Διεύθυνση Δευτεροβάθμιας Εκπαίδευσης στο νομό
504,Έξοδα,132700,ΥΠΟΥΡΓΕΙΟ ΠΑΙΔΕΙΑΣ & ΘΡΗΣΚΕΥΜΑΤΩΝ,1019-206-9925300 Διεύθυνση Δευτεροβάθμιας Εκπαίδευσης στο νομό
505,Έξοδα,78200,ΥΠΟΥΡΓΕΙΟ ΠΑΙΔΕΙΑΣ & ΘΡΗΣΚΕΥΜΑΤΩΝ,1019-206-9925400 Διεύθυνση Δευτεροβάθμιας Εκπαίδευσης στο νομό
506,Έξοδα,126400,ΥΠΟΥΡΓΕΙΟ ΠΑΙΔΕΙΑΣ & ΘΡΗΣΚΕΥΜΑΤΩΝ,1019-206-9925500 Διεύθυνση Δευτεροβάθμιας Εκπαίδευσης
507,Έξοδα,126900,ΥΠΟΥΡΓΕΙΟ ΠΑΙΔΕΙΑΣ & ΘΡΗΣΚΕΥΜΑΤΩΝ,1019-206-9925600 Διεύθυνση Δευτεροβάθμιας Εκπαίδευσης
508,Έξοδα,126900,ΥΠΟΥΡΓΕΙΟ ΠΑΙΔΕΙΑΣ & ΘΡΗΣΚΕΥΜΑΤΩΝ,1019-206-9925700 Διεύθυνση Δευτεροβάθμιας Εκπαίδευσης
509,Έξοδα,84685100,ΥΠΟΥΡΓΕΙΟ ΠΑΙΔΕΙΑΣ & ΘΡΗΣΚΕΥΜΑΤΩΝ,"1019-207-0000000 Γενική Γραμματεία Επαγγελματικής Εκπαίδευσης,"
510,Έξοδα,255845600,ΥΠΟΥΡΓΕΙΟ ΠΑΙΔΕΙΑΣ & ΘΡΗΣΚΕΥΜΑΤΩΝ,1019-208-0000000 Γενική Γραμματεία Ανώτατης Εκπαίδευσης
511,Έξοδα,101217300,ΥΠΟΥΡΓΕΙΟ ΠΑΙΔΕΙΑΣ & ΘΡΗΣΚΕΥΜΑΤΩΝ,1019-501-0000000 Λοιπές μονάδες/αυτοτελείς μονάδες του Υπουργείου
512,Έξοδα,80000,ΥΠΟΥΡΓΕΙΟ ΠΑΙΔΕΙΑΣ & ΘΡΗΣΚΕΥΜΑΤΩΝ,1019-801-0000000 Δαπάνες της Ανεξάρτητης Αρχής Διασφάλισης της
513,Έξοδα,719000,ΥΠΟΥΡΓΕΙΟ ΠΑΙΔΕΙΑΣ & ΘΡΗΣΚΕΥΜΑΤΩΝ,1019-802-0000000 Δαπάνες της Ανεξάρτητης Αρχής Διασφάλισης της
514,Έξοδα,87000,ΥΠΟΥΡΓΕΙΟ ΠΑΙΔΕΙΑΣ & ΘΡΗΣΚΕΥΜΑΤΩΝ,1019-803-0000000 Δαπάνες της Ανεξάρτητης Αρχής Εθνικός Οργανισμός
515,Έξοδα,5036700,ΥΠΟΥΡΓΕΙΟ ΠΑΙΔΕΙΑΣ & ΘΡΗΣΚΕΥΜΑΤΩΝ,1019-901-0000000 Δαπάνες του νομικού προσώπου Ακαδημίας Αθηνών
516,Έξοδα,647371000,ΥΠΟΥΡΓΕΙΟ ΠΑΙΔΕΙΑΣ & ΘΡΗΣΚΕΥΜΑΤΩΝ,1019-905-0000000 Αμοιβές και αποζημιώσεις υπαλλήλων των νομικών
517,Έξοδα,12110000,ΥΠΟΥΡΓΕΙΟ ΠΑΙΔΕΙΑΣ & ΘΡΗΣΚΕΥΜΑΤΩΝ,1019-906-0000000 Αμοιβές και αποζημιώσεις υπαλλήλων των
518,Έξοδα,2101000,ΥΠΟΥΡΓΕΙΟ ΠΑΙΔΕΙΑΣ & ΘΡΗΣΚΕΥΜΑΤΩΝ,1019-907-0000000 Αμοιβές και αποζημιώσεις υπαλλήλων των Ανώτατων
519,Έξοδα,5240000,ΥΠΟΥΡΓΕΙΟ ΠΑΙΔΕΙΑΣ & ΘΡΗΣΚΕΥΜΑΤΩΝ,1019-908-0000000 Αμοιβές και αποζημιώσεις υπαλλήλων των
520,Έξοδα,110000000,ΥΠΟΥΡΓΕΙΟ ΠΑΙΔΕΙΑΣ & ΘΡΗΣΚΕΥΜΑΤΩΝ,1019-501-0000000 Λοιπές μονάδες/αυτοτελείς μονάδες του Υπουργείου
521,Έξοδα,400000000,ΥΠΟΥΡΓΕΙΟ ΠΑΙΔΕΙΑΣ & ΘΡΗΣΚΕΥΜΑΤΩΝ,1019-501-0000000 Λοιπές μονάδες/αυτοτελείς μονάδες του Υπουργείου
522,Έξοδα,2274000,ΥΠΟΥΡΓΕΙΟ ΠΟΛΙΤΙΣΜΟΥ & ΑΘΛΗΤΙΣΜΟΥ,"1021-101-0000000 Γραφεία Υπουργού, Αναπληρωτών Υπουργών,"
523,Έξοδα,53740000,ΥΠΟΥΡΓΕΙΟ ΠΟΛΙΤΙΣΜΟΥ & ΑΘΛΗΤΙΣΜΟΥ,1021-203-0000000 Γενική Γραμματεία Αθλητισμού
524,Έξοδα,167063000,ΥΠΟΥΡΓΕΙΟ ΠΟΛΙΤΙΣΜΟΥ & ΑΘΛΗΤΙΣΜΟΥ,1021-204-0000000 Γενική Γραμματεία Πολιτισμού
525,Έξοδα,53815000,ΥΠΟΥΡΓΕΙΟ ΠΟΛΙΤΙΣΜΟΥ & ΑΘΛΗΤΙΣΜΟΥ,1021-205-0000000 Γενική Γραμματεία Σύγχρονου Πολιτισμού
526,Έξοδα,23308000,ΥΠΟΥΡΓΕΙΟ ΠΟΛΙΤΙΣΜΟΥ & ΑΘΛΗΤΙΣΜΟΥ,1021-501-0000000 Λοιπές μονάδες/αυτοτελείς μονάδες οι οποίες
527,Έξοδα,15000000,ΥΠΟΥΡΓΕΙΟ ΠΟΛΙΤΙΣΜΟΥ & ΑΘΛΗΤΙΣΜΟΥ,1021-501-0000000 Λοιπές μονάδες/αυτοτελείς μονάδες οι οποίες
528,Έξοδα,20000000,ΥΠΟΥΡΓΕΙΟ ΠΟΛΙΤΙΣΜΟΥ & ΑΘΛΗΤΙΣΜΟΥ,1021-501-0000000 Λοιπές μονάδες/αυτοτελείς μονάδες οι οποίες
529,Έξοδα,2189000,ΥΠΟΥΡΓΕΙΟ ΟΙΚΟΝΟΜΙΚΩΝ,"1023-101-0000000 Γραφεία Υπουργού, Αναπληρωτών Υπουργών,"
530,Έξοδα,8667000,ΥΠΟΥΡΓΕΙΟ ΟΙΚΟΝΟΜΙΚΩΝ,1023-203-0000000 Γενική Γραμματεία Οικονομικής Πολιτικής
531,Έξοδα,41015000,ΥΠΟΥΡΓΕΙΟ ΟΙΚΟΝΟΜΙΚΩΝ,1023-204-0000000 Γενική Γραμματεία Δημοσιονομικής Πολιτικής (εκτός
532,Έξοδα,16000,ΥΠΟΥΡΓΕΙΟ ΟΙΚΟΝΟΜΙΚΩΝ,1023-204-0310100 Δημοσιονομική Υπηρεσία Εποπτείας και Ελέγχου της
533,Έξοδα,22000,ΥΠΟΥΡΓΕΙΟ ΟΙΚΟΝΟΜΙΚΩΝ,1023-204-0310200 Δημοσιονομική Υπηρεσία Εποπτείας και Ελέγχου της
534,Έξοδα,20000,ΥΠΟΥΡΓΕΙΟ ΟΙΚΟΝΟΜΙΚΩΝ,1023-204-0310300 Δημοσιονομική Υπηρεσία Εποπτείας και Ελέγχου της
535,Έξοδα,19000,ΥΠΟΥΡΓΕΙΟ ΟΙΚΟΝΟΜΙΚΩΝ,1023-204-0310400 Δημοσιονομική Υπηρεσία Εποπτείας και Ελέγχου της
536,Έξοδα,67000,ΥΠΟΥΡΓΕΙΟ ΟΙΚΟΝΟΜΙΚΩΝ,1023-204-0310500 Δημοσιονομική Υπηρεσία Εποπτείας και Ελέγχου της
537,Έξοδα,40000,ΥΠΟΥΡΓΕΙΟ ΟΙΚΟΝΟΜΙΚΩΝ,1023-204-0310600 Δημοσιονομική Υπηρεσία Εποπτείας και Ελέγχου της
538,Έξοδα,40000,ΥΠΟΥΡΓΕΙΟ ΟΙΚΟΝΟΜΙΚΩΝ,1023-204-0310700 Δημοσιονομική Υπηρεσία Εποπτείας και Ελέγχου της
539,Έξοδα,17000,ΥΠΟΥΡΓΕΙΟ ΟΙΚΟΝΟΜΙΚΩΝ,1023-204-0310800 Δημοσιονομική Υπηρεσία Εποπτείας και Ελέγχου της
540,Έξοδα,51000,ΥΠΟΥΡΓΕΙΟ ΟΙΚΟΝΟΜΙΚΩΝ,1023-204-0310900 Δημοσιονομική Υπηρεσία Εποπτείας και Ελέγχου της
541,Έξοδα,11000,ΥΠΟΥΡΓΕΙΟ ΟΙΚΟΝΟΜΙΚΩΝ,1023-204-0311000 Δημοσιονομική Υπηρεσία Εποπτείας και Ελέγχου της
542,Έξοδα,4000,ΥΠΟΥΡΓΕΙΟ ΟΙΚΟΝΟΜΙΚΩΝ,1023-204-0311100 Δημοσιονομική Υπηρεσία Εποπτείας και Ελέγχου της
543,Έξοδα,5000,ΥΠΟΥΡΓΕΙΟ ΟΙΚΟΝΟΜΙΚΩΝ,1023-204-0311200 Δημοσιονομική Υπηρεσία Εποπτείας και Ελέγχου της
544,Έξοδα,20000,ΥΠΟΥΡΓΕΙΟ ΟΙΚΟΝΟΜΙΚΩΝ,1023-204-0311300 Δημοσιονομική Υπηρεσία Εποπτείας και Ελέγχου της
545,Έξοδα,7000,ΥΠΟΥΡΓΕΙΟ ΟΙΚΟΝΟΜΙΚΩΝ,1023-204-0311400 Δημοσιονομική Υπηρεσία Εποπτείας και Ελέγχου της
546,Έξοδα,18000,ΥΠΟΥΡΓΕΙΟ ΟΙΚΟΝΟΜΙΚΩΝ,1023-204-0311500 Δημοσιονομική Υπηρεσία Εποπτείας και Ελέγχου της
547,Έξοδα,14000,ΥΠΟΥΡΓΕΙΟ ΟΙΚΟΝΟΜΙΚΩΝ,1023-204-0311600 Δημοσιονομική Υπηρεσία Εποπτείας και Ελέγχου της
548,Έξοδα,8000,ΥΠΟΥΡΓΕΙΟ ΟΙΚΟΝΟΜΙΚΩΝ,1023-204-0311700 Δημοσιονομική Υπηρεσία Εποπτείας και Ελέγχου της
549,Έξοδα,7000,ΥΠΟΥΡΓΕΙΟ ΟΙΚΟΝΟΜΙΚΩΝ,1023-204-0311800 Δημοσιονομική Υπηρεσία Εποπτείας και Ελέγχου της
550,Έξοδα,23000,ΥΠΟΥΡΓΕΙΟ ΟΙΚΟΝΟΜΙΚΩΝ,1023-204-0311900 Δημοσιονομική Υπηρεσία Εποπτείας και Ελέγχου της
551,Έξοδα,40000,ΥΠΟΥΡΓΕΙΟ ΟΙΚΟΝΟΜΙΚΩΝ,1023-204-0312000 Δημοσιονομική Υπηρεσία Εποπτείας και Ελέγχου της
552,Έξοδα,7000,ΥΠΟΥΡΓΕΙΟ ΟΙΚΟΝΟΜΙΚΩΝ,1023-204-0312100 Δημοσιονομική Υπηρεσία Εποπτείας και Ελέγχου της
553,Έξοδα,50000,ΥΠΟΥΡΓΕΙΟ ΟΙΚΟΝΟΜΙΚΩΝ,1023-204-0312200 Δημοσιονομική Υπηρεσία Εποπτείας και Ελέγχου της
554,Έξοδα,15000,ΥΠΟΥΡΓΕΙΟ ΟΙΚΟΝΟΜΙΚΩΝ,1023-204-0312300 Δημοσιονομική Υπηρεσία Εποπτείας και Ελέγχου της
555,Έξοδα,12000,ΥΠΟΥΡΓΕΙΟ ΟΙΚΟΝΟΜΙΚΩΝ,1023-204-0312400 Δημοσιονομική Υπηρεσία Εποπτείας και Ελέγχου της
556,Έξοδα,31000,ΥΠΟΥΡΓΕΙΟ ΟΙΚΟΝΟΜΙΚΩΝ,1023-204-0312500 Δημοσιονομική Υπηρεσία Εποπτείας και Ελέγχου της
557,Έξοδα,19000,ΥΠΟΥΡΓΕΙΟ ΟΙΚΟΝΟΜΙΚΩΝ,1023-204-0312600 Δημοσιονομική Υπηρεσία Εποπτείας και Ελέγχου της
558,Έξοδα,18000,ΥΠΟΥΡΓΕΙΟ ΟΙΚΟΝΟΜΙΚΩΝ,1023-204-0312700 Δημοσιονομική Υπηρεσία Εποπτείας και Ελέγχου της
559,Έξοδα,16000,ΥΠΟΥΡΓΕΙΟ ΟΙΚΟΝΟΜΙΚΩΝ,1023-204-0312800 Δημοσιονομική Υπηρεσία Εποπτείας και Ελέγχου της
560,Έξοδα,12000,ΥΠΟΥΡΓΕΙΟ ΟΙΚΟΝΟΜΙΚΩΝ,1023-204-0312900 Δημοσιονομική Υπηρεσία Εποπτείας και Ελέγχου της
561,Έξοδα,16000,ΥΠΟΥΡΓΕΙΟ ΟΙΚΟΝΟΜΙΚΩΝ,1023-204-0313000 Δημοσιονομική Υπηρεσία Εποπτείας και Ελέγχου της
562,Έξοδα,21000,ΥΠΟΥΡΓΕΙΟ ΟΙΚΟΝΟΜΙΚΩΝ,1023-204-0313100 Δημοσιονομική Υπηρεσία Εποπτείας και Ελέγχου της
563,Έξοδα,23000,ΥΠΟΥΡΓΕΙΟ ΟΙΚΟΝΟΜΙΚΩΝ,1023-204-0313200 Δημοσιονομική Υπηρεσία Εποπτείας και Ελέγχου της
564,Έξοδα,13000,ΥΠΟΥΡΓΕΙΟ ΟΙΚΟΝΟΜΙΚΩΝ,1023-204-0313300 Δημοσιονομική Υπηρεσία Εποπτείας και Ελέγχου της
565,Έξοδα,32000,ΥΠΟΥΡΓΕΙΟ ΟΙΚΟΝΟΜΙΚΩΝ,1023-204-0313400 Δημοσιονομική Υπηρεσία Εποπτείας και Ελέγχου της
566,Έξοδα,13000,ΥΠΟΥΡΓΕΙΟ ΟΙΚΟΝΟΜΙΚΩΝ,1023-204-0313500 Δημοσιονομική Υπηρεσία Εποπτείας και Ελέγχου της
567,Έξοδα,19000,ΥΠΟΥΡΓΕΙΟ ΟΙΚΟΝΟΜΙΚΩΝ,1023-204-0313600 Δημοσιονομική Υπηρεσία Εποπτείας και Ελέγχου της
568,Έξοδα,13000,ΥΠΟΥΡΓΕΙΟ ΟΙΚΟΝΟΜΙΚΩΝ,1023-204-0313700 Δημοσιονομική Υπηρεσία Εποπτείας και Ελέγχου της
569,Έξοδα,34000,ΥΠΟΥΡΓΕΙΟ ΟΙΚΟΝΟΜΙΚΩΝ,1023-204-0313800 Δημοσιονομική Υπηρεσία Εποπτείας και Ελέγχου της
570,Έξοδα,19000,ΥΠΟΥΡΓΕΙΟ ΟΙΚΟΝΟΜΙΚΩΝ,1023-204-0313900 Δημοσιονομική Υπηρεσία Εποπτείας και Ελέγχου της
571,Έξοδα,4000,ΥΠΟΥΡΓΕΙΟ ΟΙΚΟΝΟΜΙΚΩΝ,1023-204-0314000 Δημοσιονομική Υπηρεσία Εποπτείας και Ελέγχου της
572,Έξοδα,5000,ΥΠΟΥΡΓΕΙΟ ΟΙΚΟΝΟΜΙΚΩΝ,1023-204-0314100 Δημοσιονομική Υπηρεσία Εποπτείας και Ελέγχου της
573,Έξοδα,15000,ΥΠΟΥΡΓΕΙΟ ΟΙΚΟΝΟΜΙΚΩΝ,1023-204-0314200 Δημοσιονομική Υπηρεσία Εποπτείας και Ελέγχου της
574,Έξοδα,17000,ΥΠΟΥΡΓΕΙΟ ΟΙΚΟΝΟΜΙΚΩΝ,1023-204-0314300 Δημοσιονομική Υπηρεσία Εποπτείας και Ελέγχου της
575,Έξοδα,19000,ΥΠΟΥΡΓΕΙΟ ΟΙΚΟΝΟΜΙΚΩΝ,1023-204-0314400 Δημοσιονομική Υπηρεσία Εποπτείας και Ελέγχου της
576,Έξοδα,29000,ΥΠΟΥΡΓΕΙΟ ΟΙΚΟΝΟΜΙΚΩΝ,1023-204-0314500 Δημοσιονομική Υπηρεσία Εποπτείας και Ελέγχου της
577,Έξοδα,18000,ΥΠΟΥΡΓΕΙΟ ΟΙΚΟΝΟΜΙΚΩΝ,1023-204-0314600 Δημοσιονομική Υπηρεσία Εποπτείας και Ελέγχου της
578,Έξοδα,13000,ΥΠΟΥΡΓΕΙΟ ΟΙΚΟΝΟΜΙΚΩΝ,1023-204-0314700 Δημοσιονομική Υπηρεσία Εποπτείας και Ελέγχου της
579,Έξοδα,26000,ΥΠΟΥΡΓΕΙΟ ΟΙΚΟΝΟΜΙΚΩΝ,1023-204-0314800 Δημοσιονομική Υπηρεσία Εποπτείας και Ελέγχου της
580,Έξοδα,24000,ΥΠΟΥΡΓΕΙΟ ΟΙΚΟΝΟΜΙΚΩΝ,1023-204-0314900 Δημοσιονομική Υπηρεσία Εποπτείας και Ελέγχου της
581,Έξοδα,8000,ΥΠΟΥΡΓΕΙΟ ΟΙΚΟΝΟΜΙΚΩΝ,1023-204-0315000 Δημοσιονομική Υπηρεσία Εποπτείας και Ελέγχου της
582,Έξοδα,15000,ΥΠΟΥΡΓΕΙΟ ΟΙΚΟΝΟΜΙΚΩΝ,1023-204-0315100 Δημοσιονομική Υπηρεσία Εποπτείας και Ελέγχου της
583,Έξοδα,20000,ΥΠΟΥΡΓΕΙΟ ΟΙΚΟΝΟΜΙΚΩΝ,1023-204-0315200 Δημοσιονομική Υπηρεσία Εποπτείας και Ελέγχου της
584,Έξοδα,26000,ΥΠΟΥΡΓΕΙΟ ΟΙΚΟΝΟΜΙΚΩΝ,1023-204-0315300 Δημοσιονομική Υπηρεσία Εποπτείας και Ελέγχου της
585,Έξοδα,20000,ΥΠΟΥΡΓΕΙΟ ΟΙΚΟΝΟΜΙΚΩΝ,1023-204-0315400 Δημοσιονομική Υπηρεσία Εποπτείας και Ελέγχου της
586,Έξοδα,37491000,ΥΠΟΥΡΓΕΙΟ ΟΙΚΟΝΟΜΙΚΩΝ,1023-207-0000000 Γενική Γραμματεία Φορολογικής Πολιτικής και
587,Έξοδα,38774000,ΥΠΟΥΡΓΕΙΟ ΟΙΚΟΝΟΜΙΚΩΝ,1023-401-0000000 Νομικό Συμβούλιο του Κράτους
588,Έξοδα,91259000,ΥΠΟΥΡΓΕΙΟ ΟΙΚΟΝΟΜΙΚΩΝ,1023-501-0000000 Λοιπές μονάδες/αυτοτελείς μονάδες του Υπουργείου
589,Έξοδα,189000,ΥΠΟΥΡΓΕΙΟ ΟΙΚΟΝΟΜΙΚΩΝ,1023-609-0000000 Δαπάνες της Εθνικής Επιτροπής για τα Δικαιώματα
590,Έξοδα,1342000,ΥΠΟΥΡΓΕΙΟ ΟΙΚΟΝΟΜΙΚΩΝ,1023-610-0000000 Δαπάνες της Ειδικής Γραμματείας Διαχείρισης
591,Έξοδα,30271000,ΥΠΟΥΡΓΕΙΟ ΟΙΚΟΝΟΜΙΚΩΝ,1023-611-0000000 Δαπάνες Προεδρίας της Κυβέρνησης που
592,Έξοδα,103500000,ΥΠΟΥΡΓΕΙΟ ΟΙΚΟΝΟΜΙΚΩΝ,1023-701-0000000 Δαπάνες μεταναστευτικών ροών του Υπουργείου
593,Έξοδα,631936535000,ΥΠΟΥΡΓΕΙΟ ΟΙΚΟΝΟΜΙΚΩΝ,1023-711-0000000 Γενικές Κρατικές Δαπάνες
594,Έξοδα,445780000,ΥΠΟΥΡΓΕΙΟ ΟΙΚΟΝΟΜΙΚΩΝ,1023-801-0000000 Δαπάνες της Ανεξάρτητης Διοικητικής Αρχής
595,Έξοδα,172000,ΥΠΟΥΡΓΕΙΟ ΟΙΚΟΝΟΜΙΚΩΝ,1023-801-0320100 Δημόσιες Οικονομικές Υπηρεσίες της Ανεξάρτητης
596,Έξοδα,144000,ΥΠΟΥΡΓΕΙΟ ΟΙΚΟΝΟΜΙΚΩΝ,1023-801-0320200 Δημόσιες Οικονομικές Υπηρεσίες της Ανεξάρτητης
597,Έξοδα,144000,ΥΠΟΥΡΓΕΙΟ ΟΙΚΟΝΟΜΙΚΩΝ,1023-801-0320300 Δημόσιες Οικονομικές Υπηρεσίες της Ανεξάρτητης
598,Έξοδα,150000,ΥΠΟΥΡΓΕΙΟ ΟΙΚΟΝΟΜΙΚΩΝ,1023-801-0320400 Δημόσιες Οικονομικές Υπηρεσίες της Ανεξάρτητης
599,Έξοδα,3262000,ΥΠΟΥΡΓΕΙΟ ΟΙΚΟΝΟΜΙΚΩΝ,1023-801-0320500 Δημόσιες Οικονομικές Υπηρεσίες της Ανεξάρτητης
600,Έξοδα,1276000,ΥΠΟΥΡΓΕΙΟ ΟΙΚΟΝΟΜΙΚΩΝ,1023-801-0320600 Δημόσιες Οικονομικές Υπηρεσίες της Ανεξάρτητης
601,Έξοδα,2704000,ΥΠΟΥΡΓΕΙΟ ΟΙΚΟΝΟΜΙΚΩΝ,1023-801-0320700 Δημόσιες Οικονομικές Υπηρεσίες της Ανεξάρτητης
602,Έξοδα,114000,ΥΠΟΥΡΓΕΙΟ ΟΙΚΟΝΟΜΙΚΩΝ,1023-801-0320800 Δημόσιες Οικονομικές Υπηρεσίες της Ανεξάρτητης
603,Έξοδα,461000,ΥΠΟΥΡΓΕΙΟ ΟΙΚΟΝΟΜΙΚΩΝ,1023-801-0320900 Δημόσιες Οικονομικές Υπηρεσίες της Ανεξάρτητης
604,Έξοδα,192000,ΥΠΟΥΡΓΕΙΟ ΟΙΚΟΝΟΜΙΚΩΝ,1023-801-0321000 Δημόσιες Οικονομικές Υπηρεσίες της Ανεξάρτητης
605,Έξοδα,44000,ΥΠΟΥΡΓΕΙΟ ΟΙΚΟΝΟΜΙΚΩΝ,1023-801-0321100 Δημόσιες Οικονομικές Υπηρεσίες της Ανεξάρτητης
606,Έξοδα,55000,ΥΠΟΥΡΓΕΙΟ ΟΙΚΟΝΟΜΙΚΩΝ,1023-801-0321200 Δημόσιες Οικονομικές Υπηρεσίες της Ανεξάρτητης
607,Έξοδα,154000,ΥΠΟΥΡΓΕΙΟ ΟΙΚΟΝΟΜΙΚΩΝ,1023-801-0321300 Δημόσιες Οικονομικές Υπηρεσίες της Ανεξάρτητης
608,Έξοδα,190000,ΥΠΟΥΡΓΕΙΟ ΟΙΚΟΝΟΜΙΚΩΝ,1023-801-0321400 Δημόσιες Οικονομικές Υπηρεσίες της Ανεξάρτητης
609,Έξοδα,186000,ΥΠΟΥΡΓΕΙΟ ΟΙΚΟΝΟΜΙΚΩΝ,1023-801-0321500 Δημόσιες Οικονομικές Υπηρεσίες της Ανεξάρτητης
610,Έξοδα,50000,ΥΠΟΥΡΓΕΙΟ ΟΙΚΟΝΟΜΙΚΩΝ,1023-801-0321600 Δημόσιες Οικονομικές Υπηρεσίες της Ανεξάρτητης
611,Έξοδα,79000,ΥΠΟΥΡΓΕΙΟ ΟΙΚΟΝΟΜΙΚΩΝ,1023-801-0321700 Δημόσιες Οικονομικές Υπηρεσίες της Ανεξάρτητης
612,Έξοδα,229000,ΥΠΟΥΡΓΕΙΟ ΟΙΚΟΝΟΜΙΚΩΝ,1023-801-0321800 Δημόσιες Οικονομικές Υπηρεσίες της Ανεξάρτητης
613,Έξοδα,191000,ΥΠΟΥΡΓΕΙΟ ΟΙΚΟΝΟΜΙΚΩΝ,1023-801-0321900 Δημόσιες Οικονομικές Υπηρεσίες της Ανεξάρτητης
614,Έξοδα,271000,ΥΠΟΥΡΓΕΙΟ ΟΙΚΟΝΟΜΙΚΩΝ,1023-801-0322000 Δημόσιες Οικονομικές Υπηρεσίες της Ανεξάρτητης
615,Έξοδα,98000,ΥΠΟΥΡΓΕΙΟ ΟΙΚΟΝΟΜΙΚΩΝ,1023-801-0322100 Δημόσιες Οικονομικές Υπηρεσίες της Ανεξάρτητης
616,Έξοδα,2277000,ΥΠΟΥΡΓΕΙΟ ΟΙΚΟΝΟΜΙΚΩΝ,1023-801-0322200 Δημόσιες Οικονομικές Υπηρεσίες της Ανεξάρτητης
617,Έξοδα,72000,ΥΠΟΥΡΓΕΙΟ ΟΙΚΟΝΟΜΙΚΩΝ,1023-801-0322300 Δημόσιες Οικονομικές Υπηρεσίες της Ανεξάρτητης
618,Έξοδα,62000,ΥΠΟΥΡΓΕΙΟ ΟΙΚΟΝΟΜΙΚΩΝ,1023-801-0322400 Δημόσιες Οικονομικές Υπηρεσίες της Ανεξάρτητης
619,Έξοδα,168000,ΥΠΟΥΡΓΕΙΟ ΟΙΚΟΝΟΜΙΚΩΝ,1023-801-0322500 Δημόσιες Οικονομικές Υπηρεσίες της Ανεξάρτητης
620,Έξοδα,146000,ΥΠΟΥΡΓΕΙΟ ΟΙΚΟΝΟΜΙΚΩΝ,1023-801-0322600 Δημόσιες Οικονομικές Υπηρεσίες της Ανεξάρτητης
621,Έξοδα,119000,ΥΠΟΥΡΓΕΙΟ ΟΙΚΟΝΟΜΙΚΩΝ,1023-801-0322700 Δημόσιες Οικονομικές Υπηρεσίες της Ανεξάρτητης
622,Έξοδα,91000,ΥΠΟΥΡΓΕΙΟ ΟΙΚΟΝΟΜΙΚΩΝ,1023-801-0322800 Δημόσιες Οικονομικές Υπηρεσίες της Ανεξάρτητης
623,Έξοδα,116000,ΥΠΟΥΡΓΕΙΟ ΟΙΚΟΝΟΜΙΚΩΝ,1023-801-0322900 Δημόσιες Οικονομικές Υπηρεσίες της Ανεξάρτητης
624,Έξοδα,374000,ΥΠΟΥΡΓΕΙΟ ΟΙΚΟΝΟΜΙΚΩΝ,1023-801-0323000 Δημόσιες Οικονομικές Υπηρεσίες της Ανεξάρτητης
625,Έξοδα,222000,ΥΠΟΥΡΓΕΙΟ ΟΙΚΟΝΟΜΙΚΩΝ,1023-801-0323100 Δημόσιες Οικονομικές Υπηρεσίες της Ανεξάρτητης
626,Έξοδα,340000,ΥΠΟΥΡΓΕΙΟ ΟΙΚΟΝΟΜΙΚΩΝ,1023-801-0323200 Δημόσιες Οικονομικές Υπηρεσίες της Ανεξάρτητης
627,Έξοδα,98000,ΥΠΟΥΡΓΕΙΟ ΟΙΚΟΝΟΜΙΚΩΝ,1023-801-0323300 Δημόσιες Οικονομικές Υπηρεσίες της Ανεξάρτητης
628,Έξοδα,322000,ΥΠΟΥΡΓΕΙΟ ΟΙΚΟΝΟΜΙΚΩΝ,1023-801-0323400 Δημόσιες Οικονομικές Υπηρεσίες της Ανεξάρτητης
629,Έξοδα,103000,ΥΠΟΥΡΓΕΙΟ ΟΙΚΟΝΟΜΙΚΩΝ,1023-801-0323500 Δημόσιες Οικονομικές Υπηρεσίες της Ανεξάρτητης
630,Έξοδα,258000,ΥΠΟΥΡΓΕΙΟ ΟΙΚΟΝΟΜΙΚΩΝ,1023-801-0323600 Δημόσιες Οικονομικές Υπηρεσίες της Ανεξάρτητης
631,Έξοδα,72000,ΥΠΟΥΡΓΕΙΟ ΟΙΚΟΝΟΜΙΚΩΝ,1023-801-0323700 Δημόσιες Οικονομικές Υπηρεσίες της Ανεξάρτητης
632,Έξοδα,516000,ΥΠΟΥΡΓΕΙΟ ΟΙΚΟΝΟΜΙΚΩΝ,1023-801-0323800 Δημόσιες Οικονομικές Υπηρεσίες της Ανεξάρτητης
633,Έξοδα,288000,ΥΠΟΥΡΓΕΙΟ ΟΙΚΟΝΟΜΙΚΩΝ,1023-801-0323900 Δημόσιες Οικονομικές Υπηρεσίες της Ανεξάρτητης
634,Έξοδα,48000,ΥΠΟΥΡΓΕΙΟ ΟΙΚΟΝΟΜΙΚΩΝ,1023-801-0324000 Δημόσιες Οικονομικές Υπηρεσίες της Ανεξάρτητης
635,Έξοδα,101000,ΥΠΟΥΡΓΕΙΟ ΟΙΚΟΝΟΜΙΚΩΝ,1023-801-0324100 Δημόσιες Οικονομικές Υπηρεσίες της Ανεξάρτητης
636,Έξοδα,115000,ΥΠΟΥΡΓΕΙΟ ΟΙΚΟΝΟΜΙΚΩΝ,1023-801-0324200 Δημόσιες Οικονομικές Υπηρεσίες της Ανεξάρτητης
637,Έξοδα,165000,ΥΠΟΥΡΓΕΙΟ ΟΙΚΟΝΟΜΙΚΩΝ,1023-801-0324300 Δημόσιες Οικονομικές Υπηρεσίες της Ανεξάρτητης
638,Έξοδα,210000,ΥΠΟΥΡΓΕΙΟ ΟΙΚΟΝΟΜΙΚΩΝ,1023-801-0324400 Δημόσιες Οικονομικές Υπηρεσίες της Ανεξάρτητης
639,Έξοδα,19000,ΥΠΟΥΡΓΕΙΟ ΟΙΚΟΝΟΜΙΚΩΝ,1023-801-0324500 Δημόσιες Οικονομικές Υπηρεσίες της Ανεξάρτητης
640,Έξοδα,98000,ΥΠΟΥΡΓΕΙΟ ΟΙΚΟΝΟΜΙΚΩΝ,1023-801-0324600 Δημόσιες Οικονομικές Υπηρεσίες της Ανεξάρτητης
641,Έξοδα,193000,ΥΠΟΥΡΓΕΙΟ ΟΙΚΟΝΟΜΙΚΩΝ,1023-801-0324700 Δημόσιες Οικονομικές Υπηρεσίες της Ανεξάρτητης
642,Έξοδα,198000,ΥΠΟΥΡΓΕΙΟ ΟΙΚΟΝΟΜΙΚΩΝ,1023-801-0324800 Δημόσιες Οικονομικές Υπηρεσίες της Ανεξάρτητης
643,Έξοδα,180000,ΥΠΟΥΡΓΕΙΟ ΟΙΚΟΝΟΜΙΚΩΝ,1023-801-0324900 Δημόσιες Οικονομικές Υπηρεσίες της Ανεξάρτητης
644,Έξοδα,126000,ΥΠΟΥΡΓΕΙΟ ΟΙΚΟΝΟΜΙΚΩΝ,1023-801-0325000 Δημόσιες Οικονομικές Υπηρεσίες της Ανεξάρτητης
645,Έξοδα,66000,ΥΠΟΥΡΓΕΙΟ ΟΙΚΟΝΟΜΙΚΩΝ,1023-801-0325100 Δημόσιες Οικονομικές Υπηρεσίες της Ανεξάρτητης
646,Έξοδα,115000,ΥΠΟΥΡΓΕΙΟ ΟΙΚΟΝΟΜΙΚΩΝ,1023-801-0325200 Δημόσιες Οικονομικές Υπηρεσίες της Ανεξάρτητης
647,Έξοδα,61000,ΥΠΟΥΡΓΕΙΟ ΟΙΚΟΝΟΜΙΚΩΝ,1023-801-0325300 Δημόσιες Οικονομικές Υπηρεσίες της Ανεξάρτητης
648,Έξοδα,75000,ΥΠΟΥΡΓΕΙΟ ΟΙΚΟΝΟΜΙΚΩΝ,1023-801-0325400 Δημόσιες Οικονομικές Υπηρεσίες της Ανεξάρτητης
649,Έξοδα,18000,ΥΠΟΥΡΓΕΙΟ ΟΙΚΟΝΟΜΙΚΩΝ,1023-801-0430100 Τελωνεία της Ανεξάρτητης Διοικητικής Αρχής
650,Έξοδα,56000,ΥΠΟΥΡΓΕΙΟ ΟΙΚΟΝΟΜΙΚΩΝ,1023-801-0430200 Τελωνεία της Ανεξάρτητης Διοικητικής Αρχής
651,Έξοδα,28000,ΥΠΟΥΡΓΕΙΟ ΟΙΚΟΝΟΜΙΚΩΝ,1023-801-0430400 Τελωνεία της Ανεξάρτητης Διοικητικής Αρχής
652,Έξοδα,326000,ΥΠΟΥΡΓΕΙΟ ΟΙΚΟΝΟΜΙΚΩΝ,1023-801-0430500 Τελωνεία της Ανεξάρτητης Διοικητικής Αρχής
653,Έξοδα,280000,ΥΠΟΥΡΓΕΙΟ ΟΙΚΟΝΟΜΙΚΩΝ,1023-801-0430600 Τελωνεία της Ανεξάρτητης Διοικητικής Αρχής
654,Έξοδα,642000,ΥΠΟΥΡΓΕΙΟ ΟΙΚΟΝΟΜΙΚΩΝ,1023-801-0430700 Τελωνεία της Ανεξάρτητης Διοικητικής Αρχής
655,Έξοδα,45000,ΥΠΟΥΡΓΕΙΟ ΟΙΚΟΝΟΜΙΚΩΝ,1023-801-0430800 Τελωνεία της Ανεξάρτητης Διοικητικής Αρχής
656,Έξοδα,181000,ΥΠΟΥΡΓΕΙΟ ΟΙΚΟΝΟΜΙΚΩΝ,1023-801-0430900 Τελωνεία της Ανεξάρτητης Διοικητικής Αρχής
657,Έξοδα,50000,ΥΠΟΥΡΓΕΙΟ ΟΙΚΟΝΟΜΙΚΩΝ,1023-801-0431000 Τελωνεία της Ανεξάρτητης Διοικητικής Αρχής
658,Έξοδα,60000,ΥΠΟΥΡΓΕΙΟ ΟΙΚΟΝΟΜΙΚΩΝ,1023-801-0431200 Τελωνεία της Ανεξάρτητης Διοικητικής Αρχής
659,Έξοδα,62000,ΥΠΟΥΡΓΕΙΟ ΟΙΚΟΝΟΜΙΚΩΝ,1023-801-0431300 Τελωνεία της Ανεξάρτητης Διοικητικής Αρχής
660,Έξοδα,138000,ΥΠΟΥΡΓΕΙΟ ΟΙΚΟΝΟΜΙΚΩΝ,1023-801-0431400 Τελωνεία της Ανεξάρτητης Διοικητικής Αρχής
661,Έξοδα,55000,ΥΠΟΥΡΓΕΙΟ ΟΙΚΟΝΟΜΙΚΩΝ,1023-801-0431500 Τελωνεία της Ανεξάρτητης Διοικητικής Αρχής
662,Έξοδα,5000,ΥΠΟΥΡΓΕΙΟ ΟΙΚΟΝΟΜΙΚΩΝ,1023-801-0431700 Τελωνεία της Ανεξάρτητης Διοικητικής Αρχής
663,Έξοδα,21000,ΥΠΟΥΡΓΕΙΟ ΟΙΚΟΝΟΜΙΚΩΝ,1023-801-0431800 Τελωνεία της Ανεξάρτητης Διοικητικής Αρχής
664,Έξοδα,45000,ΥΠΟΥΡΓΕΙΟ ΟΙΚΟΝΟΜΙΚΩΝ,1023-801-0431900 Τελωνεία της Ανεξάρτητης Διοικητικής Αρχής
665,Έξοδα,65000,ΥΠΟΥΡΓΕΙΟ ΟΙΚΟΝΟΜΙΚΩΝ,1023-801-0432000 Τελωνεία της Ανεξάρτητης Διοικητικής Αρχής
666,Έξοδα,43000,ΥΠΟΥΡΓΕΙΟ ΟΙΚΟΝΟΜΙΚΩΝ,1023-801-0432100 Τελωνεία της Ανεξάρτητης Διοικητικής Αρχής
667,Έξοδα,191000,ΥΠΟΥΡΓΕΙΟ ΟΙΚΟΝΟΜΙΚΩΝ,1023-801-0432200 Τελωνεία της Ανεξάρτητης Διοικητικής Αρχής
668,Έξοδα,77000,ΥΠΟΥΡΓΕΙΟ ΟΙΚΟΝΟΜΙΚΩΝ,1023-801-0432300 Τελωνεία της Ανεξάρτητης Διοικητικής Αρχής
669,Έξοδα,29000,ΥΠΟΥΡΓΕΙΟ ΟΙΚΟΝΟΜΙΚΩΝ,1023-801-0432400 Τελωνεία της Ανεξάρτητης Διοικητικής Αρχής
670,Έξοδα,16000,ΥΠΟΥΡΓΕΙΟ ΟΙΚΟΝΟΜΙΚΩΝ,1023-801-0432600 Τελωνεία της Ανεξάρτητης Διοικητικής Αρχής
671,Έξοδα,9000,ΥΠΟΥΡΓΕΙΟ ΟΙΚΟΝΟΜΙΚΩΝ,1023-801-0432700 Τελωνεία της Ανεξάρτητης Διοικητικής Αρχής
672,Έξοδα,4000,ΥΠΟΥΡΓΕΙΟ ΟΙΚΟΝΟΜΙΚΩΝ,1023-801-0432800 Τελωνεία της Ανεξάρτητης Διοικητικής Αρχής
673,Έξοδα,63000,ΥΠΟΥΡΓΕΙΟ ΟΙΚΟΝΟΜΙΚΩΝ,1023-801-0432900 Τελωνεία της Ανεξάρτητης Διοικητικής Αρχής
674,Έξοδα,17000,ΥΠΟΥΡΓΕΙΟ ΟΙΚΟΝΟΜΙΚΩΝ,1023-801-0433000 Τελωνεία της Ανεξάρτητης Διοικητικής Αρχής
675,Έξοδα,36000,ΥΠΟΥΡΓΕΙΟ ΟΙΚΟΝΟΜΙΚΩΝ,1023-801-0433100 Τελωνεία της Ανεξάρτητης Διοικητικής Αρχής
676,Έξοδα,83000,ΥΠΟΥΡΓΕΙΟ ΟΙΚΟΝΟΜΙΚΩΝ,1023-801-0433200 Τελωνεία της Ανεξάρτητης Διοικητικής Αρχής
677,Έξοδα,16000,ΥΠΟΥΡΓΕΙΟ ΟΙΚΟΝΟΜΙΚΩΝ,1023-801-0433300 Τελωνεία της Ανεξάρτητης Διοικητικής Αρχής
678,Έξοδα,88000,ΥΠΟΥΡΓΕΙΟ ΟΙΚΟΝΟΜΙΚΩΝ,1023-801-0433400 Τελωνεία της Ανεξάρτητης Διοικητικής Αρχής
679,Έξοδα,18000,ΥΠΟΥΡΓΕΙΟ ΟΙΚΟΝΟΜΙΚΩΝ,1023-801-0433500 Τελωνεία της Ανεξάρτητης Διοικητικής Αρχής
680,Έξοδα,41000,ΥΠΟΥΡΓΕΙΟ ΟΙΚΟΝΟΜΙΚΩΝ,1023-801-0433600 Τελωνεία της Ανεξάρτητης Διοικητικής Αρχής
681,Έξοδα,13000,ΥΠΟΥΡΓΕΙΟ ΟΙΚΟΝΟΜΙΚΩΝ,1023-801-0433700 Τελωνεία της Ανεξάρτητης Διοικητικής Αρχής
682,Έξοδα,54000,ΥΠΟΥΡΓΕΙΟ ΟΙΚΟΝΟΜΙΚΩΝ,1023-801-0433800 Τελωνεία της Ανεξάρτητης Διοικητικής Αρχής
683,Έξοδα,17000,ΥΠΟΥΡΓΕΙΟ ΟΙΚΟΝΟΜΙΚΩΝ,1023-801-0433900 Τελωνεία της Ανεξάρτητης Διοικητικής Αρχής
684,Έξοδα,24000,ΥΠΟΥΡΓΕΙΟ ΟΙΚΟΝΟΜΙΚΩΝ,1023-801-0434000 Τελωνεία της Ανεξάρτητης Διοικητικής Αρχής
685,Έξοδα,9000,ΥΠΟΥΡΓΕΙΟ ΟΙΚΟΝΟΜΙΚΩΝ,1023-801-0434100 Τελωνεία της Ανεξάρτητης Διοικητικής Αρχής
686,Έξοδα,26000,ΥΠΟΥΡΓΕΙΟ ΟΙΚΟΝΟΜΙΚΩΝ,1023-801-0434200 Τελωνεία της Ανεξάρτητης Διοικητικής Αρχής
687,Έξοδα,8000,ΥΠΟΥΡΓΕΙΟ ΟΙΚΟΝΟΜΙΚΩΝ,1023-801-0434300 Τελωνεία της Ανεξάρτητης Διοικητικής Αρχής
688,Έξοδα,12000,ΥΠΟΥΡΓΕΙΟ ΟΙΚΟΝΟΜΙΚΩΝ,1023-801-0434400 Τελωνεία της Ανεξάρτητης Διοικητικής Αρχής
689,Έξοδα,52000,ΥΠΟΥΡΓΕΙΟ ΟΙΚΟΝΟΜΙΚΩΝ,1023-801-0434500 Τελωνεία της Ανεξάρτητης Διοικητικής Αρχής
690,Έξοδα,19000,ΥΠΟΥΡΓΕΙΟ ΟΙΚΟΝΟΜΙΚΩΝ,1023-801-0434600 Τελωνεία της Ανεξάρτητης Διοικητικής Αρχής
691,Έξοδα,76000,ΥΠΟΥΡΓΕΙΟ ΟΙΚΟΝΟΜΙΚΩΝ,1023-801-0434700 Τελωνεία της Ανεξάρτητης Διοικητικής Αρχής
692,Έξοδα,30000,ΥΠΟΥΡΓΕΙΟ ΟΙΚΟΝΟΜΙΚΩΝ,1023-801-0434800 Τελωνεία της Ανεξάρτητης Διοικητικής Αρχής
693,Έξοδα,8000,ΥΠΟΥΡΓΕΙΟ ΟΙΚΟΝΟΜΙΚΩΝ,1023-801-0434900 Τελωνεία της Ανεξάρτητης Διοικητικής Αρχής
694,Έξοδα,24000,ΥΠΟΥΡΓΕΙΟ ΟΙΚΟΝΟΜΙΚΩΝ,1023-801-0435000 Τελωνεία της Ανεξάρτητης Διοικητικής Αρχής
695,Έξοδα,10000,ΥΠΟΥΡΓΕΙΟ ΟΙΚΟΝΟΜΙΚΩΝ,1023-801-0435100 Τελωνεία της Ανεξάρτητης Διοικητικής Αρχής
696,Έξοδα,28000,ΥΠΟΥΡΓΕΙΟ ΟΙΚΟΝΟΜΙΚΩΝ,1023-801-0435200 Τελωνεία της Ανεξάρτητης Διοικητικής Αρχής
697,Έξοδα,18000,ΥΠΟΥΡΓΕΙΟ ΟΙΚΟΝΟΜΙΚΩΝ,1023-801-0435300 Τελωνεία της Ανεξάρτητης Διοικητικής Αρχής
698,Έξοδα,19000,ΥΠΟΥΡΓΕΙΟ ΟΙΚΟΝΟΜΙΚΩΝ,1023-801-0435400 Τελωνεία της Ανεξάρτητης Διοικητικής Αρχής
699,Έξοδα,1185000,ΥΠΟΥΡΓΕΙΟ ΟΙΚΟΝΟΜΙΚΩΝ,1023-802-0000000 Δαπάνες της Ανεξάρτητης Διοικητικής Αρχής «Αρχή
700,Έξοδα,2260000,ΥΠΟΥΡΓΕΙΟ ΟΙΚΟΝΟΜΙΚΩΝ,1023-803-0000000 Δαπάνες της Ανεξάρτητης Διοικητικής Αρχής «Εθνικό
701,Έξοδα,2000000,ΥΠΟΥΡΓΕΙΟ ΟΙΚΟΝΟΜΙΚΩΝ,1023-501-0000000 Λοιπές μονάδες/αυτοτελείς μονάδες του Υπουργείου
702,Έξοδα,24000000,ΥΠΟΥΡΓΕΙΟ ΟΙΚΟΝΟΜΙΚΩΝ,1023-501-0000000 Λοιπές μονάδες/αυτοτελείς μονάδες του Υπουργείου
703,Έξοδα,2039000,ΥΠΟΥΡΓΕΙΟ ΑΓΡΟΤΙΚΗΣ ΑΝΑΠΤΥΞΗΣ & ΤΡΟΦΙΜΩΝ,"1029-101-0000000 Γραφεία Υπουργού, Αναπληρωτών Υπουργών,"
704,Έξοδα,145109000,ΥΠΟΥΡΓΕΙΟ ΑΓΡΟΤΙΚΗΣ ΑΝΑΠΤΥΞΗΣ & ΤΡΟΦΙΜΩΝ,1029-202-0000000 Γενική Γραμματεία Αγροτικής Πολιτικής και
705,Έξοδα,27701000,ΥΠΟΥΡΓΕΙΟ ΑΓΡΟΤΙΚΗΣ ΑΝΑΠΤΥΞΗΣ & ΤΡΟΦΙΜΩΝ,1029-203-0000000 Γενική Γραμματεία Αγροτικής Ανάπτυξης και
706,Έξοδα,94624000,ΥΠΟΥΡΓΕΙΟ ΑΓΡΟΤΙΚΗΣ ΑΝΑΠΤΥΞΗΣ & ΤΡΟΦΙΜΩΝ,1029-501-0000000 Λοιπές μονάδες/αυτοτελείς μονάδες του Υπουργείου
707,Έξοδα,2000000,ΥΠΟΥΡΓΕΙΟ ΑΓΡΟΤΙΚΗΣ ΑΝΑΠΤΥΞΗΣ & ΤΡΟΦΙΜΩΝ,1029-501-0000000 Λοιπές μονάδες/αυτοτελείς μονάδες του Υπουργείου
708,Έξοδα,800000000,ΥΠΟΥΡΓΕΙΟ ΑΓΡΟΤΙΚΗΣ ΑΝΑΠΤΥΞΗΣ & ΤΡΟΦΙΜΩΝ,1029-501-0000000 Λοιπές μονάδες/αυτοτελείς μονάδες του Υπουργείου
709,Έξοδα,2562000,ΥΠΟΥΡΓΕΙΟ ΠΕΡΙΒΑΛΛΟΝΤΟΣ & ΕΝΕΡΓΕΙΑΣ,"1031-101-0000000 Γραφεία Υπουργού, Αναπληρωτών Υπουργών,"
710,Έξοδα,5451000,ΥΠΟΥΡΓΕΙΟ ΠΕΡΙΒΑΛΛΟΝΤΟΣ & ΕΝΕΡΓΕΙΑΣ,1031-203-0000000 Γενική Γραμματεία Χωρικού Σχεδιασμού & Αστικού
711,Έξοδα,32702000,ΥΠΟΥΡΓΕΙΟ ΠΕΡΙΒΑΛΛΟΝΤΟΣ & ΕΝΕΡΓΕΙΑΣ,1031-204-0000000 Γενική Γραμματεία Ενέργειας και Ορυκτών Πρώτων
712,Έξοδα,39524000,ΥΠΟΥΡΓΕΙΟ ΠΕΡΙΒΑΛΛΟΝΤΟΣ & ΕΝΕΡΓΕΙΑΣ,1031-207-0000000 Γενική Γραμματεία Φυσικού Περιβάλλοντος και
713,Έξοδα,488000,ΥΠΟΥΡΓΕΙΟ ΠΕΡΙΒΑΛΛΟΝΤΟΣ & ΕΝΕΡΓΕΙΑΣ,1031-208-0000000 Γενική Γραμματεία Συντονισμού Διαχείρισης
714,Έξοδα,10078000,ΥΠΟΥΡΓΕΙΟ ΠΕΡΙΒΑΛΛΟΝΤΟΣ & ΕΝΕΡΓΕΙΑΣ,1031-501-0000000 Λοιπές μονάδες/αυτοτελείς μονάδες του Υπουργείου
715,Έξοδα,20000000,ΥΠΟΥΡΓΕΙΟ ΠΕΡΙΒΑΛΛΟΝΤΟΣ & ΕΝΕΡΓΕΙΑΣ,1031-501-0000000 Λοιπές μονάδες/αυτοτελείς μονάδες του Υπουργείου
716,Έξοδα,550000000,ΥΠΟΥΡΓΕΙΟ ΠΕΡΙΒΑΛΛΟΝΤΟΣ & ΕΝΕΡΓΕΙΑΣ,1031-501-0000000 Λοιπές μονάδες/αυτοτελείς μονάδες του Υπουργείου
717,Έξοδα,2271000,ΥΠΟΥΡΓΕΙΟ ΕΡΓΑΣΙΑΣ & ΚΟΙΝΩΝΙΚΩΝ ΥΠΟΘΕΣΕΩΝ,"1033-101-0000000 Γραφεία Υπουργού, Αναπληρωτών Υπουργών,"
718,Έξοδα,3310652000,ΥΠΟΥΡΓΕΙΟ ΕΡΓΑΣΙΑΣ & ΚΟΙΝΩΝΙΚΩΝ ΥΠΟΘΕΣΕΩΝ,1033-202-0000000 Γενική Γραμματεία Κοινωνικής Αλληλεγγύης και
719,Έξοδα,15565344000,ΥΠΟΥΡΓΕΙΟ ΕΡΓΑΣΙΑΣ & ΚΟΙΝΩΝΙΚΩΝ ΥΠΟΘΕΣΕΩΝ,1033-203-0000000 Γενική Γραμματεία Κοινωνικών Ασφαλίσεων
720,Έξοδα,2014000,ΥΠΟΥΡΓΕΙΟ ΕΡΓΑΣΙΑΣ & ΚΟΙΝΩΝΙΚΩΝ ΥΠΟΘΕΣΕΩΝ,1033-207-0000000 Γενική Γραμματεία Οικογενειακής Πολιτικής και
721,Έξοδα,529377000,ΥΠΟΥΡΓΕΙΟ ΕΡΓΑΣΙΑΣ & ΚΟΙΝΩΝΙΚΩΝ ΥΠΟΘΕΣΕΩΝ,1033-208-0000000 Γενική Γραμματεία Εργασίας
722,Έξοδα,18362000,ΥΠΟΥΡΓΕΙΟ ΕΡΓΑΣΙΑΣ & ΚΟΙΝΩΝΙΚΩΝ ΥΠΟΘΕΣΕΩΝ,1033-501-0000000 Λοιπές μονάδες/αυτοτελείς μονάδες του Υπουργείου
723,Έξοδα,43780000,ΥΠΟΥΡΓΕΙΟ ΕΡΓΑΣΙΑΣ & ΚΟΙΝΩΝΙΚΩΝ ΥΠΟΘΕΣΕΩΝ,1033-901-0000000 Αμοιβές και αποζημιώσεις υπαλλήλων ΝΠΔΔ της
724,Έξοδα,20000000,ΥΠΟΥΡΓΕΙΟ ΕΡΓΑΣΙΑΣ & ΚΟΙΝΩΝΙΚΩΝ ΥΠΟΘΕΣΕΩΝ,1033-501-0000000 Λοιπές μονάδες/αυτοτελείς μονάδες του Υπουργείου
725,Έξοδα,400000000,ΥΠΟΥΡΓΕΙΟ ΕΡΓΑΣΙΑΣ & ΚΟΙΝΩΝΙΚΩΝ ΥΠΟΘΕΣΕΩΝ,1033-501-0000000 Λοιπές μονάδες/αυτοτελείς μονάδες του Υπουργείου
726,Έξοδα,2579000,ΥΠΟΥΡΓΕΙΟ ΑΝΑΠΤΥΞΗΣ & ΕΠΕΝΔΥΣΕΩΝ,"1035-101-0000000 Γραφεία Υπουργού, Αναπληρωτών Υπουργών,"
727,Έξοδα,2579000,ΥΠΟΥΡΓΕΙΟ ΑΝΑΠΤΥΞΗΣ & ΕΠΕΝΔΥΣΕΩΝ,1035-203-0000000 Γενική Γραμματεία Δημοσίων Επενδύσεων και
728,Έξοδα,6135000,ΥΠΟΥΡΓΕΙΟ ΑΝΑΠΤΥΞΗΣ & ΕΠΕΝΔΥΣΕΩΝ,1035-204-0000000 Γενική Γραμματεία Βιομηχανίας
729,Έξοδα,7793000,ΥΠΟΥΡΓΕΙΟ ΑΝΑΠΤΥΞΗΣ & ΕΠΕΝΔΥΣΕΩΝ,1035-205-0000000 Γενική Γραμματεία Εμπορίου και Προστασίας
730,Έξοδα,3224000,ΥΠΟΥΡΓΕΙΟ ΑΝΑΠΤΥΞΗΣ & ΕΠΕΝΔΥΣΕΩΝ,1035-210-0000000 Γενική Γραμματεία Ιδιωτικών Επενδύσεων και
731,Έξοδα,118623000,ΥΠΟΥΡΓΕΙΟ ΑΝΑΠΤΥΞΗΣ & ΕΠΕΝΔΥΣΕΩΝ,1035-212-0000000 Γενική Γραμματεία Έρευνας και Τεχνολογίας
732,Έξοδα,13214000,ΥΠΟΥΡΓΕΙΟ ΑΝΑΠΤΥΞΗΣ & ΕΠΕΝΔΥΣΕΩΝ,1035-501-0000000 Λοιπές μονάδες/αυτοτελείς μονάδες του Υπουργείου
733,Έξοδα,1834000,ΥΠΟΥΡΓΕΙΟ ΑΝΑΠΤΥΞΗΣ & ΕΠΕΝΔΥΣΕΩΝ,1035-801-0000000 Δαπάνες της Ανεξάρτητης Διοικητικής Αρχής
734,Έξοδα,1480000,ΥΠΟΥΡΓΕΙΟ ΑΝΑΠΤΥΞΗΣ & ΕΠΕΝΔΥΣΕΩΝ,1035-901-0000000 Δαπάνες του νομικού προσώπου Ελληνική Επιτροπή
735,Έξοδα,863000,ΥΠΟΥΡΓΕΙΟ ΑΝΑΠΤΥΞΗΣ & ΕΠΕΝΔΥΣΕΩΝ,1035-902-0000000 Δαπάνες του νομικού προσώπου Ελληνικό Κέντρο
736,Έξοδα,522000,ΥΠΟΥΡΓΕΙΟ ΑΝΑΠΤΥΞΗΣ & ΕΠΕΝΔΥΣΕΩΝ,1035-903-0000000 Δαπάνες του νομικού προσώπου Εθνικό
737,Έξοδα,281000000,ΥΠΟΥΡΓΕΙΟ ΑΝΑΠΤΥΞΗΣ & ΕΠΕΝΔΥΣΕΩΝ,1035-501-0000000 Λοιπές μονάδες/αυτοτελείς μονάδες του Υπουργείου
738,Έξοδα,1980000000,ΥΠΟΥΡΓΕΙΟ ΑΝΑΠΤΥΞΗΣ & ΕΠΕΝΔΥΣΕΩΝ,1035-501-0000000 Λοιπές μονάδες/αυτοτελείς μονάδες του Υπουργείου
739,Έξοδα,1987000,ΥΠΟΥΡΓΕΙΟ ΥΠΟΔΟΜΩΝ & ΜΕΤΑΦΟΡΩΝ,"1039-101-0000000 Γραφεία Υπουργού, Αναπληρωτών Υπουργών,"
740,Έξοδα,103050000,ΥΠΟΥΡΓΕΙΟ ΥΠΟΔΟΜΩΝ & ΜΕΤΑΦΟΡΩΝ,1039-202-0000000 Γενική Γραμματεία Υποδομών
741,Έξοδα,272342000,ΥΠΟΥΡΓΕΙΟ ΥΠΟΔΟΜΩΝ & ΜΕΤΑΦΟΡΩΝ,1039-203-0000000 Γενική Γραμματεία Μεταφορών
742,Έξοδα,142079000,ΥΠΟΥΡΓΕΙΟ ΥΠΟΔΟΜΩΝ & ΜΕΤΑΦΟΡΩΝ,1039-401-0000000 Υπηρεσία Πολιτικής Αεροπορίας
743,Έξοδα,570000,ΥΠΟΥΡΓΕΙΟ ΥΠΟΔΟΜΩΝ & ΜΕΤΑΦΟΡΩΝ,1039-402-0000000 Υπηρεσία Οδικών Τελών
744,Έξοδα,12227000,ΥΠΟΥΡΓΕΙΟ ΥΠΟΔΟΜΩΝ & ΜΕΤΑΦΟΡΩΝ,1039-501-0000000 Λοιπές μονάδες/αυτοτελείς μονάδες του Υπουργείου
745,Έξοδα,645000,ΥΠΟΥΡΓΕΙΟ ΥΠΟΔΟΜΩΝ & ΜΕΤΑΦΟΡΩΝ,1039-801-0000000 Δαπάνες της Ανεξάρτητης Διοικητικής Αρχής
746,Έξοδα,967000,ΥΠΟΥΡΓΕΙΟ ΥΠΟΔΟΜΩΝ & ΜΕΤΑΦΟΡΩΝ,1039-803-0000000 Δαπάνες της Ανεξάρτητης Διοικητικής Αρχής
747,Έξοδα,122000000,ΥΠΟΥΡΓΕΙΟ ΥΠΟΔΟΜΩΝ & ΜΕΤΑΦΟΡΩΝ,1039-501-0000000 Λοιπές μονάδες/αυτοτελείς μονάδες του Υπουργείου
748,Έξοδα,1345000000,ΥΠΟΥΡΓΕΙΟ ΥΠΟΔΟΜΩΝ & ΜΕΤΑΦΟΡΩΝ,1039-501-0000000 Λοιπές μονάδες/αυτοτελείς μονάδες του Υπουργείου
749,Έξοδα,1130000,ΥΠΟΥΡΓΕΙΟ ΝΑΥΤΙΛΙΑΣ & ΝΗΣΙΩΤΙΚΗΣ ΠΟΛΙΤΙΚΗΣ,"1041-101-0000000 Γραφεία Υπουργού, Αναπληρωτών Υπουργών,"
750,Έξοδα,605000,ΥΠΟΥΡΓΕΙΟ ΝΑΥΤΙΛΙΑΣ & ΝΗΣΙΩΤΙΚΗΣ ΠΟΛΙΤΙΚΗΣ,"1041-202-0000000 Γενική Γραμματεία Λιμένων, Λιμενικής Πολιτικής και"
751,Έξοδα,2802000,ΥΠΟΥΡΓΕΙΟ ΝΑΥΤΙΛΙΑΣ & ΝΗΣΙΩΤΙΚΗΣ ΠΟΛΙΤΙΚΗΣ,1041-203-0000000 Γενική Γραμματεία Αιγαίου και Νησιωτικής Πολιτικής
752,Έξοδα,6740000,ΥΠΟΥΡΓΕΙΟ ΝΑΥΤΙΛΙΑΣ & ΝΗΣΙΩΤΙΚΗΣ ΠΟΛΙΤΙΚΗΣ,1041-501-0000000 Λοιπές μονάδες/αυτοτελείς μονάδες του Υπουργείου
753,Έξοδα,252900000,ΥΠΟΥΡΓΕΙΟ ΝΑΥΤΙΛΙΑΣ & ΝΗΣΙΩΤΙΚΗΣ ΠΟΛΙΤΙΚΗΣ,1041-502-0000000 Αρχηγείο Λιμενικού Σώματος - Ελληνικής
754,Έξοδα,2623000,ΥΠΟΥΡΓΕΙΟ ΝΑΥΤΙΛΙΑΣ & ΝΗΣΙΩΤΙΚΗΣ ΠΟΛΙΤΙΚΗΣ,1041-701-0000000 Δαπάνες μεταναστευτικών ροών του Υπουργείου
755,Έξοδα,100000000,ΥΠΟΥΡΓΕΙΟ ΝΑΥΤΙΛΙΑΣ & ΝΗΣΙΩΤΙΚΗΣ ΠΟΛΙΤΙΚΗΣ,1041-501-0000000 Λοιπές μονάδες/αυτοτελείς μονάδες του Υπουργείου
756,Έξοδα,40000000,ΥΠΟΥΡΓΕΙΟ ΝΑΥΤΙΛΙΑΣ & ΝΗΣΙΩΤΙΚΗΣ ΠΟΛΙΤΙΚΗΣ,1041-501-0000000 Λοιπές μονάδες/αυτοτελείς μονάδες του Υπουργείου
757,Έξοδα,1270000,ΥΠΟΥΡΓΕΙΟ ΤΟΥΡΙΣΜΟΥ,"1045-101-0000000 Γραφεία Υπουργού, Αναπληρωτών Υπουργών,"
758,Έξοδα,7180000,ΥΠΟΥΡΓΕΙΟ ΤΟΥΡΙΣΜΟΥ,1045-202-0000000 Γενική Γραμματεία Τουριστικής Πολιτικής &
759,Έξοδα,28230000,ΥΠΟΥΡΓΕΙΟ ΤΟΥΡΙΣΜΟΥ,1045-501-0000000 Λοιπές μονάδες/αυτοτελείς μονάδες του Υπουργείου
760,Έξοδα,8000000,ΥΠΟΥΡΓΕΙΟ ΤΟΥΡΙΣΜΟΥ,1045-501-0000000 Λοιπές μονάδες/αυτοτελείς μονάδες του Υπουργείου
761,Έξοδα,25000000,ΥΠΟΥΡΓΕΙΟ ΤΟΥΡΙΣΜΟΥ,1045-501-0000000 Λοιπές μονάδες/αυτοτελείς μονάδες του Υπουργείου
762,Έξοδα,7858000,ΥΠΟΥΡΓΕΙΟ ΠΡΟΣΤΑΣΙΑΣ ΤΟΥ ΠΟΛΙΤΗ,"1047-101-0000000 Γραφεία Υπουργού, Αναπληρωτών Υπουργών,"
763,Έξοδα,1704866000,ΥΠΟΥΡΓΕΙΟ ΠΡΟΣΤΑΣΙΑΣ ΤΟΥ ΠΟΛΙΤΗ,1047-201-0000000 Γενική Γραμματεία Δημόσιας Τάξης
764,Έξοδα,448373000,ΥΠΟΥΡΓΕΙΟ ΠΡΟΣΤΑΣΙΑΣ ΤΟΥ ΠΟΛΙΤΗ,1047-202-0000000 Γενική Γραμματεία Πολιτικής Προστασίας
765,Έξοδα,35555000,ΥΠΟΥΡΓΕΙΟ ΠΡΟΣΤΑΣΙΑΣ ΤΟΥ ΠΟΛΙΤΗ,"1047-203-0000000 Γενική  Γραμματεία  Μεταναστευτικής Πολιτικής,"
766,Έξοδα,120887000,ΥΠΟΥΡΓΕΙΟ ΠΡΟΣΤΑΣΙΑΣ ΤΟΥ ΠΟΛΙΤΗ,1047-204-0000000 Γενική Γραμματεία Αντεγκληματικής Πολιτικής
767,Έξοδα,29790000,ΥΠΟΥΡΓΕΙΟ ΠΡΟΣΤΑΣΙΑΣ ΤΟΥ ΠΟΛΙΤΗ,1047-501-0000000 Λοιπές μονάδες/αυτοτελείς μονάδες του Υπουργείου
768,Έξοδα,18152000,ΥΠΟΥΡΓΕΙΟ ΠΡΟΣΤΑΣΙΑΣ ΤΟΥ ΠΟΛΙΤΗ,1047-701-0000000 Δαπάνες μεταναστευτικών ροών του Υπουργείου
769,Έξοδα,1000000,ΥΠΟΥΡΓΕΙΟ ΠΡΟΣΤΑΣΙΑΣ ΤΟΥ ΠΟΛΙΤΗ,"1047-203-0000000 Γενική  Γραμματεία  Μεταναστευτικής Πολιτικής,"
770,Έξοδα,4000000,ΥΠΟΥΡΓΕΙΟ ΠΡΟΣΤΑΣΙΑΣ ΤΟΥ ΠΟΛΙΤΗ,1047-501-0000000 Λοιπές μονάδες/αυτοτελείς μονάδες του Υπουργείου
771,Έξοδα,30000000,ΥΠΟΥΡΓΕΙΟ ΠΡΟΣΤΑΣΙΑΣ ΤΟΥ ΠΟΛΙΤΗ,"1047-203-0000000 Γενική  Γραμματεία  Μεταναστευτικής Πολιτικής,"
772,Έξοδα,70000000,ΥΠΟΥΡΓΕΙΟ ΠΡΟΣΤΑΣΙΑΣ ΤΟΥ ΠΟΛΙΤΗ,1047-501-0000000 Λοιπές μονάδες/αυτοτελείς μονάδες του Υπουργείου
773,Έξοδα,1794000,ΥΠΟΥΡΓΕΙΟ ΨΗΦΙΑΚΗΣ ΔΙΑΚΥΒΕΡΝΗΣΗΣ,"1053-101-0000000 Γραφεία Υπουργού, Αναπληρωτών Υπουργών,"
774,Έξοδα,27617000,ΥΠΟΥΡΓΕΙΟ ΨΗΦΙΑΚΗΣ ΔΙΑΚΥΒΕΡΝΗΣΗΣ,1053-201-0000000 Γενική Γραμματεία Τηλεπικοινωνιών και
775,Έξοδα,87720000,ΥΠΟΥΡΓΕΙΟ ΨΗΦΙΑΚΗΣ ΔΙΑΚΥΒΕΡΝΗΣΗΣ,1053-202-0000000 Γενική Γραμματεία Πληροφοριακών Συστημάτων
776,Έξοδα,3764000,ΥΠΟΥΡΓΕΙΟ ΨΗΦΙΑΚΗΣ ΔΙΑΚΥΒΕΡΝΗΣΗΣ,1053-203-0000000 Γενική Γραμματεία Ψηφιακής Διακυβέρνησης και
777,Έξοδα,11384000,ΥΠΟΥΡΓΕΙΟ ΨΗΦΙΑΚΗΣ ΔΙΑΚΥΒΕΡΝΗΣΗΣ,1053-501-0000000 Λοιπές μονάδες/αυτοτελείς μονάδες του Υπουργείου
778,Έξοδα,10000000,ΥΠΟΥΡΓΕΙΟ ΨΗΦΙΑΚΗΣ ΔΙΑΚΥΒΕΡΝΗΣΗΣ,1053-501-0000000 Λοιπές μονάδες/αυτοτελείς μονάδες του Υπουργείου
779,Έξοδα,50000000,ΥΠΟΥΡΓΕΙΟ ΨΗΦΙΑΚΗΣ ΔΙΑΚΥΒΕΡΝΗΣΗΣ,1053-501-0000000 Λοιπές μονάδες/αυτοτελείς μονάδες του Υπουργείου
780,Έξοδα,123000,ΑΠΟΚΕΝΤΡΩΜΕΝΗ ΔΙΟΙΚΗΣΗ ΑΤΤΙΚΗΣ,1901-101-0000000 Γραφείο Συντονιστή της Αποκεντρωμένης Διοίκησης
781,Έξοδα,704000,ΑΠΟΚΕΝΤΡΩΜΕΝΗ ΔΙΟΙΚΗΣΗ ΑΤΤΙΚΗΣ,1901-501-0000000 Λοιπές αυτοτελείς μονάδες της Αποκεντρωμένης
782,Έξοδα,2311000,ΑΠΟΚΕΝΤΡΩΜΕΝΗ ΔΙΟΙΚΗΣΗ ΑΤΤΙΚΗΣ,1901-999-0100000 Γενική Διεύθυνση Χωρικής και Περιβαλλοντικής
783,Έξοδα,6739000,ΑΠΟΚΕΝΤΡΩΜΕΝΗ ΔΙΟΙΚΗΣΗ ΑΤΤΙΚΗΣ,1901-999-0200000 Γενική Διεύθυνση Δασών και Αγροτικών Υποθέσεων
784,Έξοδα,3690000,ΑΠΟΚΕΝΤΡΩΜΕΝΗ ΔΙΟΙΚΗΣΗ ΑΤΤΙΚΗΣ,1901-999-0300000 Γενική Διεύθυνση Οικονομικών Υπηρεσιών και
785,Έξοδα,6289000,ΑΠΟΚΕΝΤΡΩΜΕΝΗ ΔΙΟΙΚΗΣΗ ΑΤΤΙΚΗΣ,"1901-999-0400000 Γενική Διεύθυνση Αστικής Κατάστασης,"
786,Έξοδα,106000,ΑΠΟΚΕΝΤΡΩΜΕΝΗ ΔΙΟΙΚΗΣΗ ΘΕΣΣΑΛΙΑΣ - ΣΤΕΡΕΑΣ ΕΛΛΑΔΑΣ,1902-101-0000000 Γραφείο Συντονιστή της Αποκεντρωμένης Διοίκησης
787,Έξοδα,224000,ΑΠΟΚΕΝΤΡΩΜΕΝΗ ΔΙΟΙΚΗΣΗ ΘΕΣΣΑΛΙΑΣ - ΣΤΕΡΕΑΣ ΕΛΛΑΔΑΣ,1902-501-0000000 Λοιπές αυτοτελείς μονάδες της Αποκεντρωμένης
788,Έξοδα,2746000,ΑΠΟΚΕΝΤΡΩΜΕΝΗ ΔΙΟΙΚΗΣΗ ΘΕΣΣΑΛΙΑΣ - ΣΤΕΡΕΑΣ ΕΛΛΑΔΑΣ,1902-999-0100000 Γενική Διεύθυνση Χωρικής και Περιβαλλοντικής
789,Έξοδα,17392000,ΑΠΟΚΕΝΤΡΩΜΕΝΗ ΔΙΟΙΚΗΣΗ ΘΕΣΣΑΛΙΑΣ - ΣΤΕΡΕΑΣ ΕΛΛΑΔΑΣ,1902-999-0200000 Γενική Διεύθυνση Δασών και Αγροτικών Υποθέσεων
790,Έξοδα,7016000,ΑΠΟΚΕΝΤΡΩΜΕΝΗ ΔΙΟΙΚΗΣΗ ΘΕΣΣΑΛΙΑΣ - ΣΤΕΡΕΑΣ ΕΛΛΑΔΑΣ,1902-999-0300000 Γενική Διεύθυνση Εσωτερικής Λειτουργίας της
791,Έξοδα,92000,ΑΠΟΚΕΝΤΡΩΜΕΝΗ ΔΙΟΙΚΗΣΗ ΗΠΕΙΡΟΥ - ΔΥΤΙΚΗΣ ΜΑΚΕΔΟΝΙΑΣ,1903-101-0000000 Γραφείο Συντονιστή της Αποκεντρωμένης Διοίκησης
792,Έξοδα,666000,ΑΠΟΚΕΝΤΡΩΜΕΝΗ ΔΙΟΙΚΗΣΗ ΗΠΕΙΡΟΥ - ΔΥΤΙΚΗΣ ΜΑΚΕΔΟΝΙΑΣ,1903-501-0000000 Λοιπές αυτοτελείς μονάδες της Αποκεντρωμένης
793,Έξοδα,2009000,ΑΠΟΚΕΝΤΡΩΜΕΝΗ ΔΙΟΙΚΗΣΗ ΗΠΕΙΡΟΥ - ΔΥΤΙΚΗΣ ΜΑΚΕΔΟΝΙΑΣ,1903-999-0100000 Γενική Διεύθυνση Χωρικής και Περιβαλλοντικής
794,Έξοδα,9790000,ΑΠΟΚΕΝΤΡΩΜΕΝΗ ΔΙΟΙΚΗΣΗ ΗΠΕΙΡΟΥ - ΔΥΤΙΚΗΣ ΜΑΚΕΔΟΝΙΑΣ,1903-999-0200000 Γενική Διεύθυνση Δασών και Αγροτικών Υποθέσεων
795,Έξοδα,6380000,ΑΠΟΚΕΝΤΡΩΜΕΝΗ ΔΙΟΙΚΗΣΗ ΗΠΕΙΡΟΥ - ΔΥΤΙΚΗΣ ΜΑΚΕΔΟΝΙΑΣ,1903-999-0300000 Γενική Διεύθυνση Εσωτερικής Λειτουργίας της
796,Έξοδα,309000,ΑΠΟΚΕΝΤΡΩΜΕΝΗ ΔΙΟΙΚΗΣΗ ΠΕΛΟΠΟΝΝΗΣΟΥ - ΔΥΤΙΚΗΣ ΕΛΛΑΔΑΣ ΚΑΙ ΙΟΝΙΟΥ,1904-101-0000000 Γραφείο Συντονιστή της Αποκεντρωμένης Διοίκησης
797,Έξοδα,2992000,ΑΠΟΚΕΝΤΡΩΜΕΝΗ ΔΙΟΙΚΗΣΗ ΠΕΛΟΠΟΝΝΗΣΟΥ - ΔΥΤΙΚΗΣ ΕΛΛΑΔΑΣ ΚΑΙ ΙΟΝΙΟΥ,1904-501-0000000 Λοιπές αυτοτελείς μονάδες της Αποκεντρωμένης
798,Έξοδα,3641000,ΑΠΟΚΕΝΤΡΩΜΕΝΗ ΔΙΟΙΚΗΣΗ ΠΕΛΟΠΟΝΝΗΣΟΥ - ΔΥΤΙΚΗΣ ΕΛΛΑΔΑΣ ΚΑΙ ΙΟΝΙΟΥ,1904-999-0100000 Γενική Διεύθυνση Χωρικής και Περιβαλλοντικής
799,Έξοδα,18702000,ΑΠΟΚΕΝΤΡΩΜΕΝΗ ΔΙΟΙΚΗΣΗ ΠΕΛΟΠΟΝΝΗΣΟΥ - ΔΥΤΙΚΗΣ ΕΛΛΑΔΑΣ ΚΑΙ ΙΟΝΙΟΥ,1904-999-0200000 Γενική Διεύθυνση Δασών και Αγροτικών Υποθέσεων
800,Έξοδα,9502000,ΑΠΟΚΕΝΤΡΩΜΕΝΗ ΔΙΟΙΚΗΣΗ ΠΕΛΟΠΟΝΝΗΣΟΥ - ΔΥΤΙΚΗΣ ΕΛΛΑΔΑΣ ΚΑΙ ΙΟΝΙΟΥ,1904-999-0300000 Γενική Διεύθυνση Εσωτερικής Λειτουργίας της
801,Έξοδα,58000,ΑΠΟΚΕΝΤΡΩΜΕΝΗ ΔΙΟΙΚΗΣΗ ΑΙΓΑΙΟΥ,1905-101-0000000 Γραφείο Συντονιστή της Αποκεντρωμένης Διοίκησης
802,Έξοδα,98000,ΑΠΟΚΕΝΤΡΩΜΕΝΗ ΔΙΟΙΚΗΣΗ ΑΙΓΑΙΟΥ,1905-501-0000000 Λοιπές αυτοτελείς μονάδες της Αποκεντρωμένης
803,Έξοδα,1472000,ΑΠΟΚΕΝΤΡΩΜΕΝΗ ΔΙΟΙΚΗΣΗ ΑΙΓΑΙΟΥ,1905-999-0100000 Γενική Διεύθυνση Χωρικής και Περιβαλλοντικής
804,Έξοδα,4626000,ΑΠΟΚΕΝΤΡΩΜΕΝΗ ΔΙΟΙΚΗΣΗ ΑΙΓΑΙΟΥ,1905-999-0200000 Γενική Διεύθυνση Δασών και Αγροτικών Υποθέσεων
805,Έξοδα,3966000,ΑΠΟΚΕΝΤΡΩΜΕΝΗ ΔΙΟΙΚΗΣΗ ΑΙΓΑΙΟΥ,1905-999-0300000 Γενική Διεύθυνση Εσωτερικής Λειτουργίας της
806,Έξοδα,206000,ΑΠΟΚΕΝΤΡΩΜΕΝΗ ΔΙΟΙΚΗΣΗ ΚΡΗΤΗΣ,1906-101-0000000 Γραφείο Συντονιστή της Αποκεντρωμένης Διοίκησης
807,Έξοδα,160000,ΑΠΟΚΕΝΤΡΩΜΕΝΗ ΔΙΟΙΚΗΣΗ ΚΡΗΤΗΣ,1906-501-0000000 Λοιπές αυτοτελείς μονάδες της Αποκεντρωμένης
808,Έξοδα,1396000,ΑΠΟΚΕΝΤΡΩΜΕΝΗ ΔΙΟΙΚΗΣΗ ΚΡΗΤΗΣ,1906-999-0100000 Γενική Διεύθυνση Χωρικής και Περιβαλλοντικής
809,Έξοδα,4658000,ΑΠΟΚΕΝΤΡΩΜΕΝΗ ΔΙΟΙΚΗΣΗ ΚΡΗΤΗΣ,1906-999-0200000 Γενική Διεύθυνση Δασών και Αγροτικών Υποθέσεων
810,Έξοδα,4788000,ΑΠΟΚΕΝΤΡΩΜΕΝΗ ΔΙΟΙΚΗΣΗ ΚΡΗΤΗΣ,1906-999-0300000 Γενική Διεύθυνση Εσωτερικής Λειτουργίας της
811,Έξοδα,243000,ΑΠΟΚΕΝΤΡΩΜΕΝΗ ΔΙΟΙΚΗΣΗ ΜΑΚΕΔΟΝΙΑΣ - ΘΡΑΚΗΣ,1907-101-0000000 Γραφείο Συντονιστή της Αποκεντρωμένης Διοίκησης
812,Έξοδα,379000,ΑΠΟΚΕΝΤΡΩΜΕΝΗ ΔΙΟΙΚΗΣΗ ΜΑΚΕΔΟΝΙΑΣ - ΘΡΑΚΗΣ,1907-501-0000000 Λοιπές αυτοτελείς μονάδες της Αποκεντρωμένης
813,Έξοδα,5176000,ΑΠΟΚΕΝΤΡΩΜΕΝΗ ΔΙΟΙΚΗΣΗ ΜΑΚΕΔΟΝΙΑΣ - ΘΡΑΚΗΣ,1907-999-0100000 Γενική Διεύθυνση Χωρικής και Περιβαλλοντικής
814,Έξοδα,23383000,ΑΠΟΚΕΝΤΡΩΜΕΝΗ ΔΙΟΙΚΗΣΗ ΜΑΚΕΔΟΝΙΑΣ - ΘΡΑΚΗΣ,1907-999-0200000 Γενική Διεύθυνση Δασών και Αγροτικών Υποθέσεων
815,Έξοδα,13064000,ΑΠΟΚΕΝΤΡΩΜΕΝΗ ΔΙΟΙΚΗΣΗ ΜΑΚΕΔΟΝΙΑΣ - ΘΡΑΚΗΣ,1907-999-0300000 Γενική Διεύθυνση Εσωτερικής Λειτουργίας της
